Tweet_ID,Date,Text,Author_ID
1091485190071959553,2019-02-01,@MaryJohanna6 @twistor @DemSocialists @AOC @pfizer @GSK @Roche @Bayer @Novartis @LillyPad Boooooo,1071220483184607233
1091483618667626496,2019-02-01,$PFE Pfizer Inc. Option Order Flow Sentiment is 64.7% Bullish. https://t.co/6wAAqtkBSe,818481118483742720
1091483003728154625,2019-02-01,@TrialLawyerRich @TinkonTink Wonder why we don‚Äôt have single payer insurance look at Pfizer!!,940743217183645696
1091481406419730432,2019-02-01,The Trumo economy is a juggernaut  Reversed the malaise o Pfizer the jug eared imbicile obama and his failed policies. #maga #trump2020 #obama was a failure https://t.co/rs69CZP2nX,229692580
1091481221979389957,2019-02-01,European advisory group backs Pfizer's Vizimpro in lung cancer https://t.co/ScoekbGM8T $PFE Great Dividend Stock BUY PFE!,2172626998
1091475383810211841,2019-02-01,https://t.co/riZ7rw3603 News / Pfizer Receives Positive CHMP Opinion for Vizimpro (dacomitinib) for the First-line Treatment of Adult Patients with Locally Advanced Or Metastatic Non-Small Cell Lung Cancer with EGFR-Activating Mutations,166539231
1091472793504530432,2019-02-01,@pfizer Other meds causing afib. Those meds should be taken off market. Find the cause don‚Äôt cover it by adding another pill!,863735607297748992
1091471595003092993,2019-02-01,Proud to represent Pfizer and be included in a group with these amazing people https://t.co/5XnEtrimcj,117410118
1091470299034513409,2019-02-01,"https://t.co/AJF7ujXyDp $PFE Pfizer up 1.0% = $2.3 billion gain. At $247.5 billion marketCap, PFE represents 12.2% of the $2 trillion #NASDAQ/#NYSE #pharmaceuticals industry. #stockmarket #stocks #trading #market #investing #NASDAQ #NYSE",845529688747393024
1091470253698310144,2019-02-01,"@AmerMedicalAssn @shannonrwatts Hey @AmerMedicalAssn if you support gun control, tell the pharma industry, @pfizer and @Bayer to stop advertising on @Fox News!  @DesignationSix @EdKrassen @emilyslist @votevets @Goss30Goss @girlsreallyrule @NationalNOW",975193767853486080
1091469526863147010,2019-02-01,"[55]  This test is quite congruent with cases such as D.W., Saskatchewan Valley Land Co., Imperial Oil, and Pfizer Canada, above, which all suggest that conduct tantamount to a fraud on the court process wholly subverts the integrity of that process and the judgment resulting...",920083393
1091469447607578624,2019-02-01,"A petici√≥n popular!! Glenda Lago..jaja..aqui.estan mis fotos.. hoy reconocimiento de los 30 a√±os de la planta de Guayama!!  Y despedida de un buen lider!! Nuestra fiesta de navidad de Pfizer.. 2019.., en Hilton Ponce Golf &amp; Casino Resort https://t.co/WU8Z9lfr8n",792873457
1091467141851815936,2019-02-01,@pfizer Pfizer is just salivating to sell those 12 million pricey medicine to treat Afib. Can't treat all 12 million if their not all aware. Likely those that dont have symptoms dont have increased risks.  Can't make money off that though.,348816608
1091461599456518144,2019-02-01,@pfizer Heartbreaking news ...,20277584
1091461209482620928,2019-02-01,It's that time again!   @AmCollSurgeons @pfizer 2019 Surgical Volunteerism &amp; Humanitarian Award Nominations.   Open until Feb 15th ‚è∞  Info: https://t.co/13g4Z9zFhi  Trainee (resident/fellow) submissions encouraged! #GlobalSurgery  To nominate visit: https://t.co/dqMWZo2I9T https://t.co/BGnZtGl7cn,2185950356
1091458176212447232,2019-02-01,https://t.co/8G1VzryNFO updates background-image #18 https://t.co/03kRTeZDDq for Pfizer https://t.co/ZdoBMrg1gd,746878217051594752
1091456950888550400,2019-02-01,Business Insider: FDA warned of EpiPen complaint problems at Pfizer's Meridian factories. https://t.co/MavfxKaUYQ  via @GoogleNews,784787982683369472
1091455426888192002,2019-02-01,Well deserved recognition for Barbara Dalton @pfizer #VC. Great to be working with an experienced and strategic investor. cc @labcentral  cc @BioInnovationVC https://t.co/9SdR1NQjiC,1631501168
1091454893569773571,2019-02-01,"Putting @pfizer , @LillyPad  , and the rest of these Big Pharma recieving public $$$$ for research, while you bilk us further for the final product, on notice.  Your days are numbered. https://t.co/wyUuapN8V8",263972073
1091450485217742848,2019-02-01,"@notdred ed i hate kamala harris, votting for cory booker is the same thing as voting for pfizer, elizabeth warren annoys me, i hate bernie, and julian castro just isnt ready to be the president plus i just found out that sherrod brown sucks give me a goddamn minute to cope",1668303476
1091447937115320320,2019-02-01,"OmJobsGroupProfessional Medical Representative - Pfizer Inc. - Muscat https://t.co/GEWujVdMhQ  Professional Medical Representative - Pfizer Inc. - Muscat https://t.co/GEWujVdMhQ  ‚Äî OmJobsGroup||ŸÖÿ¨ŸÖŸàÿπÿ© Ÿàÿ∏ÿßÿ¶ŸÅ ÿπŸÖÿßŸÜ (OmJobsGroup) February 1, 2019",770829605527810049
1091447494180040714,2019-02-01,Professional Medical Representative - Pfizer Inc. - Muscat https://t.co/Shw7WLL7TP,833937906502766592
1091446935087693824,2019-02-01,Hot Pockets presents President Cory Booker sponsored by Pfizer https://t.co/otN8xHgQ2H,276766817
1091445341927473152,2019-02-01,"@AOC @RoKhanna Big Phama is expensive so the Sackler family, among many (Pfizer, Johnson, Merck et al) can be wealthy. And put their names on buildings and PBS televisions programs. And buy politicians.",20279369
1091443578843381760,2019-02-01,"3 Clinical Trials with Mixed to Disastrous Results: Sophiris, Merrimack and Pfizer https://t.co/SVmA0CoCpX https://t.co/j8JBr1CtKz",775790695575617536
1091441454826864644,2019-02-01,"When you realize that the American Heart Association is sponsored by the likes of @Bayer @AstraZeneca @Novartis and @pfizer - it makes perfect sense why they don't get behind a #wfpb diet, which is shown to REVERSE AND PREVENT ALMOST ALL HEART DISEASE!! #WearRedDay  #vegan",120320141
1091440175090147328,2019-02-01,"Pfizer has increased the price of its drug for nerve pain, Lyrica, 433% in 13 years. Because Lyrica‚Äôs govt-granted monopoly has protected it from lower-cost competitor drugs, Pfizer has been able to increase the price with impunity. https://t.co/tu5vND74jn",247334603
1091439284756860928,2019-02-01,@JJohnsonLaw What happened to all those companies like Pfizer giving cash to Michael Cohen for Trump access? Why aren‚Äôt Democrats looking at that. That‚Äôs not Mueller SC jurisdiction.,418293509
1091437799318925312,2019-02-01,#RejectedBigGameCommercials Pfizer's new football shaped viagra called the DOUBLE DOINK #goeagles https://t.co/CAEe8UNn7w,270629141
1091436398920425472,2019-02-01,Read my latest article on the Drive4IBD. Looking to engage @abbvie @SalixPharma @pfizer @JanssenUS @Celgene and other pharmaceutical companies. #Pharmaceutical #pharma #ibdawareness #crohnsandcolitis  https://t.co/DjSUrHBxbh,3283029272
1091435383798276101,2019-02-01,@Stock_Truth Nice!!!!!  Pfizer against J&amp;J.  Let the Bidding War begin. Do I hear $22B?,421509157
1091431870426943488,2019-02-01,"Global Insomnia Therapeutics Market 2019 ‚Äì Takeda Pharmaceutical. Ltd., Vanda ... https://t.co/9v21LrMe2a #insomnia",4297134687
1091431471926128640,2019-02-01,"@Jim_Jordan @RepCummings @POTUS Utter nonsense. Jordan has received contributions from Merck, Pfizer and Glaxo. Pharm companies.",701537081273819136
1091431466280595457,2019-02-01,@ErgaPfizer Com muito gosto em falar com voc√™ Sra. Erga Pfizer,1006496447985016832
1091431147870056448,2019-02-01,@EdKrassen Well I don't work for Pfizer so I'm indifferent.,222109046
1091430720424370178,2019-02-01,"@ErgaPfizer √â tanso Erga Pfizer, mas deixa de ser pac√≥vio",1006496447985016832
1091429207782113281,2019-02-01,Traders Sell Pfizer $PFE on Strength $PFE  https://t.co/XFgIEW0sWK #markets,2416188264
1091428791459688448,2019-02-01,"Manager, Trade Operations and project lead: Pfizer Canada Inc. (Kirkland QC): 'Closing date: February 14, 2019 Date de fin d'affichage: Le 14 f√©vrier 2019 Status: Temporary, Full Time (12 months Statut: Temporarie, Temps...' MontrealsTop eluta https://t.co/9IZQ1xwoAz",255301187
1091428099349250053,2019-02-01,Traders Sell Shares of Pfizer $PFE on Strength $PFE https://t.co/xu1vkSwwCl,852931863547084801
1091426224696631296,2019-02-01,La compra de #Hospira por parte de @pfizer no ha sido la decisi√≥n m√°s acertada para la compa√±√≠a https://t.co/96nxLbqH9C https://t.co/HjIkCSgeEU,1546040797
1091426040499630080,2019-02-01,Workplace Issues Today: Pfizer employees in Ireland plan walkouts @cornellilr @IrishTimes @MartinWallIT https://t.co/JjTq72cMaS,310398399
1091425957599154177,2019-02-01,Nel 1944 #Pfizer garant√¨ la produzione della #penicillina su larga scala: aveva cos√¨ inizio l'era #farmaceutica.  #fbf https://t.co/doeUWk25XN,889416716144398336
1091423254726803461,2019-02-01,"@Time4Sammy @PapaDocStrunsee @Patrick__Denis @JordanUhl @AOC I agree. What I am saying, is that they hide ad spending (additionally) in the R&amp;D budget. We do the research, they buy it or obtain it, and spend $$$$ on ads. I placed ads for Pfizer when it was first ok to advertise in the late 90s. A sad day, indeed.",112821787
1091420852078424065,2019-02-01,@DrJuanOvalles @PfizerCongress @pfizer_spain ¬°Qu√© honor! Siento no estar para verte pero seguro que es un √©xito üëåüèª,2312448956
1091419580218585088,2019-02-01,"@JordanUhl @alincome @pfizer @Ford @Expedia @exxonmobil @UHC @KabbageInc @SmartMouth Well, most of those companies were attracted to the publicity of the branding &amp; audience rather than it's content. I don't think they even watch the show...or care!",731410223437504512
1091419492150845440,2019-02-01,Gran ponencia del Dr Jos√© Francisco Garc√≠a Llorente sobre: ‚ÄúLo mejor de Tofacitinib en SER/EULAR/ACR‚Äù. #JAKAcademy19 @pfizer_spain https://t.co/w9rLu6xG3G,959895243775774721
1091419080865779712,2019-02-01,"OmJobsGroupProfessional Medical Representative - Pfizer - Muscat https://t.co/9USjS3iRjf  Professional Medical Representative - Pfizer - Muscat https://t.co/9USjS3iRjf  ‚Äî OmJobsGroup||ŸÖÿ¨ŸÖŸàÿπÿ© Ÿàÿ∏ÿßÿ¶ŸÅ ÿπŸÖÿßŸÜ (OmJobsGroup) February 1, 2019",770829605527810049
1091418651977310208,2019-02-01,"@reumacia @PfizerCongress @pfizer_spain ü•∞ Jajajaja Muchas gracias Cristina! Vienes ma√±ana, no? Sales en un par de diapositivas dando ejemplo! #Spoiler",320361117
1091418465787891713,2019-02-01,Get to know Jing Liu of @pfizer  in the #CPTjournal February Member Spotlight!  https://t.co/fSrErZqX9h #IamASCPT,121193853
1091417881584246784,2019-02-01,@MaryJohanna6 @DemSocialists @AOC @pfizer @GSK @Roche @Bayer @Novartis @LillyPad I'm arguing that their fair share is 100%  üòä,16044793
1091417701510250502,2019-02-01,@DrJuanOvalles @PfizerCongress @pfizer_spain Creo que ma√±ana a las 12:45 hay un ponente TOP https://t.co/QzHGO0dQAm,2312448956
1091417283774300160,2019-02-01,Professional Medical Representative - Pfizer - Muscat https://t.co/f1dtGtzY3S,833937906502766592
1091414701072760832,2019-02-01,"@twistor @DemSocialists @AOC @pfizer @GSK @Roche @Bayer @Novartis @LillyPad I don't think that would be the answer, they should be able to research, work and make lot's of money if they then will return the Publics investment by paying their fair share of taxes. The tax cheating, evasion and avoidance has to be stopped.",518274217
1091414073319788546,2019-02-01,[Job] Sr Medical Manager Sub-cluster lead FIN/SWE | Company: Pfizer | Location: Helsinki F19  Finland | #Helsinki #Operations #Research #Jobs | More info at  https://t.co/5pNQxw9QI3,29549589
1091412997786996738,2019-02-01,FDA warned of #EpiPen complaint problems at Pfizer's Meridian factories - Business Insider https://t.co/5em0uc2aHm https://t.co/iXlXLIyleJ,271111167
1091409051223818240,2019-02-01,Pfizer $PFE Upgraded to ‚ÄúBuy‚Äù at Argus https://t.co/BJQuaVmaTx,852931863547084801
1091408929031102465,2019-02-01,Zurcher Kantonalbank Zurich Cantonalbank Maintains Stake in Grainger W W $GWW; Pfizer $ZTS Holder Kepos Capital LP Trimmed Its Position by $5.28 Million  https://t.co/jo5m5mzcso,1084832449467768832
1091406031672864769,2019-02-01,@mattdpearce He should have walked down a long hall in the Pfizer building too.,564861472
1091405893336424449,2019-02-01,Pfizer makes viagra btw lmaoooo,916325858926747649
1091404861130895361,2019-02-01,@POTUS has decided to pass over Congress and buy Pfizer........it‚Äôs the only way his wall is getting erected,2995111061
1091403867244253185,2019-02-01,Fate is so fucking weird. Apparently I‚Äôm friends with the son of this man who works with Pfizer. Man. Maybe the universe is telling me I ain‚Äôt cut it for relationships but pharmacy is my call.,916325858926747649
1091403744456122368,2019-02-01,Disponible amplio stock de Misotrol/ Cytotec 100% original laboratorio pfizer¬†200mg. https://t.co/HBdrmmMDyQ,1021524963524837377
1091402969864695808,2019-02-01,Pfizer $PFE Upgraded to ‚ÄúOutperform‚Äù by Credit Suisse Group  https://t.co/qZFnbHmnmn,966006214818697218
1091402220531142656,2019-02-01,@JordanUhl @nitagale @alincome @pfizer @Ford @Expedia @exxonmobil @UHC @KabbageInc @SmartMouth No wonder that's his favorite show!,871923162212167681
1091401230847561729,2019-02-01,@DemSocialists @AOC Nationalize @pfizer @GSK @Roche @Bayer @Novartis @LillyPad !!!,16044793
1091400411741863939,2019-02-01,"RT biospace: Q4 Biopharma Themes: Strong 2018, Weaker 2019 Earnings Projections, Concerns over Drug Pricing https://t.co/Qu0GlYq3rp https://t.co/CVglVXBlxa",1089954298769952769
1091400349313912837,2019-02-01,"@Pfizer has announced a collaborative agreement with CytoReason, co-founded by #Technion Assistant Professor Shai Shen-Orr. CytoReason uses #AI to generate innovative biological insights of the immune system. https://t.co/2k9TMjSMGe https://t.co/iSvDPY24li",38685767
1091400019561766912,2019-02-01,@JordanUhl @alincome @pfizer @Ford @Expedia @exxonmobil @UHC @KabbageInc @SmartMouth Most climate scientists are frauds. They‚Äôre lying because it‚Äôs profitable for them to lie about their data,390377910
1091399722559070208,2019-02-01,"#biotech #investing HBH InvestorServices on Twitter: 'Lifetime achievement award of corporate venturing this year goes to Barbara Dalton, Senior Managing Partner of Pfizer Ventures who has been in the corporate venturin‚Ä¶ https://t.co/mmQwllJjrP, see more https://t.co/ZjAkOUh70s",2155462266
1091398528587452416,2019-02-01,"Q4 Biopharma Themes: Strong 2018, Weaker 2019 Earnings Projections, Concerns over Drug Pricing https://t.co/2WXh44gq9l https://t.co/XXMWY9uYlx",21793154
1091398029586956288,2019-02-01,Pfizer (PFE) Begins Phase 2b/3 Clinical Trial for PF-06651600 for Treatment of Patients with Moderate to Severe Alopecia Areata ‚Äì https://t.co/6cxwE3VtTl https://t.co/vBAN8aPnVc,1052973118682275840
1091397926788583424,2019-02-01,Oh how I adore book mail. ‚ù§Ô∏è ‚Äî #thegirlsat17swannstreet https://t.co/08m7oXdUfK.afternoon.tea thegirlfriendletter #mustread #instabook #igreads #bookstagramfeature #bookbabe #bibliophile #booknerd‚Ä¶ https://t.co/wEVmyDXTxj,987435895
1091397864104910850,2019-02-01,"Gran charla sobre :‚ÄùLas v√≠as Jak y su papel en el futuro de la Reumatolog√≠a‚Äù, impartida por la Dra. Dolores V√°zquez Abad #JAKAcademy19 @pfizer_spain  Disponibles tambi√©n en YouTube. https://t.co/RcO33K1IWG",959895243775774721
1091395791904784391,2019-02-01,Senior Director of @pfizer to present 'Biomarker Hypotheses Derivations to Drive Translational Research for IO Agents - Strengths and Challenges' at Immuno-Oncology #Biomarkers &amp; #Companion #Dx program (March 11-13 #SanFrancisco). https://t.co/SXBBdUmsWm  #sanfran,18247542
1091395757406650368,2019-02-01,Post J.P. Morgan news puts Pfizer and Biogen at the center of potential takeovers. https://t.co/hJQGGuPYce,31387209
1091394407570513921,2019-02-01,"@PJayHall2 @lebel1886 @mitchellvii The largest private employer in the state, Dow, has less than 100k. But, sure, Pfizer is going to add 300k. You claim to have facts - deliver or go back to your meth cave.",63173135
1091393003959320578,2019-02-01,"@efraroj Para bajar de peso, 1500 calor√≠as al d√≠a, agua y ejercicio. Para dejar de fumar, Champix (Pfizer) y despu√©s me he ayudado con Vape (vapeo).",198659088
1091392804734025729,2019-02-01,@JordanUhl @alincome @pfizer @Ford @Expedia @exxonmobil @UHC @KabbageInc @SmartMouth The perfect temperature? Are you kidding me. Scientists aren‚Äôt fighting over what to set our thermostat on. They are fighting to get the inhabitants of earth to fight to keep the earth habitable. Perfect temperature? One where we don‚Äôt fucking melt. #ClimateChangeIsReal,338070250
1091391983883476992,2019-02-01,400 #Pfizer employees set to #strike in #Ireland over pensions https://t.co/sPA4TnII38 #pharma #Cork,17960461
1091391176853327873,2019-02-01,"@ianbremmer @BillGates Sure. When it comes to hiding taxes, Apple is at the top of the ranking with more than $200 billion in offshore funds, followed closely by Pfizer laboratories ($193.6 billion) and Microsoft's IT group ($124 billion).   https://t.co/8CzbvvZmWH",751826994967539716
1091390919536971779,2019-02-01,@CoryBooker So Pfizer?,379132778
1091390481005756416,2019-02-01,"@PJayHall2 @lebel1886 @mitchellvii Pfizer barely employs 100k worldwide, meth head",63173135
1091389202552504321,2019-02-01,Saha te≈ükilatƒ± geli≈üim s√ºrecinin en √∂nemli unsurlarƒ±ndan biri olan ve 4 hafta s√ºren FAZ 1 Eƒüitim Programƒ±‚Äômƒ±zƒ± 33 Pfizer Temsilcimizi gururla mezun ederek tamamladƒ±k. √ñƒürenme isteƒüi ve motivasyonlarƒ± ile varlƒ±k g√∂steren ve mezun olan herkesi g√∂n√ºlden tebrik ediyoruzüëèüèªüëèüèªüëèüèª https://t.co/E4q51hABbd,136631356
1091388451033882624,2019-02-01,"NIIMBL welcomes MedImmune, Pfizer, and Sartorius to its member community. https://t.co/nfGUHhDchh https://t.co/DbJZl7FDJi",808052671806574592
1091388402002546690,2019-02-01,"The future of personalization relies on you to source, analyze and apply data to every intelligent decision and micro-segment. See how Novartis, GSK, Pfizer and more are doing this LINK #efpPhilly https://t.co/8TPHSt4htm https://t.co/glLkAIGRgo",1638443672
1091388348835323904,2019-02-01,"Q4 Biopharma Themes: Strong 2018, Weaker 2019 Earnings Projections, Concerns over Drug Pricing: Many of the big biopharma companies reported fourth-quarter and year-end earnings this week. If there‚Äôs a theme among them, it seems lower earnings per share‚Ä¶ https://t.co/UaMfZCEaZX",15974185
1091387997180710913,2019-02-01,@JordanUhl @alincome @pfizer @Ford @Expedia @exxonmobil @UHC @KabbageInc @SmartMouth wow.  what a mess that whole segment was.  Such BS,965439130527125505
1091387975261478913,2019-02-01,Da inicio la reuni√≥n nacional #JAKAcademy19 @PfizerCongress @pfizer_spain Una cita anual de gran inter√©s para los Reumat√≥logos. https://t.co/U5bJu2aHRl,320361117
1091387706138013696,2019-02-01,Hey prescription drug companies; you‚Äôve ruined the best 70‚Äôs songs using them in your cheesy  commercials. Can you please don‚Äôt use ‚ÄúThunder Island‚Äù. It‚Äôs a good song and I don‚Äôt want to think of enlarged prostates when I hear it. Thank you. @pfizer @FoxNews @TheFive @Stepdaddys,47832132
1091387186082140161,2019-02-01,@Persister911 @JordanUhl @alincome @pfizer @Ford @Expedia @exxonmobil @UHC @KabbageInc @SmartMouth Shallow end of the gene pool,34795523
1091386116261826560,2019-02-01,@JordanUhl @nitagale @alincome @pfizer @Ford @Expedia @exxonmobil @UHC @KabbageInc @SmartMouth What a bunch of idiots,871923162212167681
1091385994669109248,2019-02-01,"Topical Pain Relief Market to Reach $13.28 Billion, Globally, by 2025 at 7.4% CAGR Get the Sample@ https://t.co/jcNYrtjUtH #painrelief #healthcarenews #drugspharmaceuticals #industryinsights #marketresearch @Jnjcares @Pfizer @Topical https://t.co/vXW60Sl0aO",1087586524760342528
1091384830229590016,2019-02-01,"MICS-ÊøÆÈò≥: Pfizer - Puyang, Henan - ÂåªÂ≠¶‰ø°ÊÅØÊ≤üÈÄö‰∏ìÂëò-ÊøÆÈò≥ Pfizer is an equal opportunity employer and complies with all applicable equal employment opportunity legislation in each jurisdiction in which it operates.... https://t.co/DcGsUlR74J",163175523
1091384828958728193,2019-02-01,"EMB--ÂåªÂ≠¶‰ø°ÊÅØÊ≤üÈÄö‰∏ìÂëòË±´Âçó1-‰ø°Èò≥Â∏Ç: Pfizer - Xinyang, Henan - ÂåªÂ≠¶‰ø°ÊÅØÊé®Âπø Pfizer is an equal opportunity employer and complies with all applicable equal employment opportunity legislation in each jurisdiction in which it operates.... https://t.co/qRHQUlxfMV",163175523
1091383520524726273,2019-02-01,https://t.co/wgUCKqbz07,240413280
1091383429604798464,2019-02-01,"For people living with #highbloodpressure, controlling it ‚Äì even with medication ‚Äì can be challenging. Visit #GetHealthyStayHealthy to learn how lifestyle changes may help: https://t.co/todyu6jAbC https://t.co/sUVm8VsOEp",56488059
1091381898918547456,2019-02-01,"@JordanUhl @alincome @pfizer @Ford @Expedia @exxonmobil @UHC @KabbageInc @SmartMouth This is so dangerous that they devote time to mocking a very real problem.  They brainwash millions of people with this nonsense non-argument.  It is not up for debate, it is real, and no amount of snarky examples is going to change it.  Stop exacerbating the problem.",1039305740916121601
1091381791414312961,2019-02-01,@JordanUhl @alincome @pfizer @Ford @Expedia @exxonmobil @UHC @KabbageInc @SmartMouth Thanks Jordan. I will add this to my list of ‚Äúboycotted‚Äù companies.,800203706188730370
1091381770002620423,2019-02-01,@JordanUhl @alincome @pfizer @Ford @Expedia @exxonmobil @UHC @KabbageInc @SmartMouth Why is this even allowed to be called news?,781213402941231104
1091381617929670656,2019-02-01,@JordanUhl @alincome @pfizer @Ford @Expedia @exxonmobil @UHC @KabbageInc @SmartMouth neophytes,22354596
1091381076600279040,2019-02-01,Pfizer prolonga el problema con sus inyectables hasta 2020 https://t.co/R7OufCWxhC,463782793
1091380239773487104,2019-02-01,@JeromeAdamsMD @McKenzieCox14 @OverBadWater @Geoffsabtchange @Surgeon_General @SGottliebFDA @LaurieScudderNP @Medscape Hmm. I think that's Pfizer $PFE https://t.co/Lx3zG2UJjo,2910321650
1091380038472105985,2019-02-01,FiercePharmaAsia‚ÄîTakeda‚Äôs dengue shot; Pfizer‚Äôs China Ibrance deal; Aslan job cuts https://t.co/pKgHRhN3Y0 &gt;&gt;&gt; https://t.co/HTA6IsoHwv #strategy #competitiveintelligence #marketing #healthcare #pharma #CI #biotech #pharmaceutical https://t.co/FR7THuKAqv,133504478
1091380024899321858,2019-02-01,@Biotech2050 @ByJonGardner @pfizer https://t.co/qI1iHE7b4t,797452166281785345
1091378518183825408,2019-02-01,@JordanUhl @1followernodad @alincome @pfizer @Ford @Expedia @exxonmobil @UHC @KabbageInc @SmartMouth Why argue about it. We only have 12 years left before the end of the world. At least that‚Äôs what the most popular democrat tells us anyway. Party on.,812336532879265792
1091378289275535361,2019-02-01,"@CoryBooker @MsPackyetti You mean Merck, J+J, Pfizer?",40063054
1091377623354232832,2019-02-01,"@delamare41 @DocArnica @MarieBurnier Tu te souviens de la sortie du VIAGRA? Ici la d√©l√©gu√©e Pfizer passait avec sa sacoche + un grand sac plein de boites et disait ¬´¬†combien vous en voulez?¬†¬ªüòè  (j‚Äôai aussi des anecdotes incroyables de cette p√©riode, en particulier des premi√®res demandes de prescription...)",379410773
1091377289982406656,2019-02-01,@JordanUhl @alincome @pfizer @Ford @Expedia @exxonmobil @UHC @KabbageInc @SmartMouth #shame,1151704477
1091377203600707584,2019-02-01,@JordanUhl @alincome @pfizer @Ford @Expedia @exxonmobil @UHC @KabbageInc @SmartMouth ü§Æü§Æü§Æ,1151704477
1091376135735259143,2019-02-01,"Takeda Dunboyne Biologics, Career Day - https://t.co/2b1LtZVFq2",4716441167
1091375884735578112,2019-02-01,@JordanUhl @alincome @pfizer @Ford @Expedia @exxonmobil @UHC @KabbageInc @SmartMouth Do they ever have scientists or other experts?! They seem to only have professional ignoramuses who just know how to convert oxygen into carbon dioxide and hate.,119758837
1091373862925680641,2019-02-01,@MariahSzot17 The news will never cover the dangers of vaccines because they are funded by pharmaceutical companies  The CDC will always push vaccines because they receive many millions of dollars in donations from pharmaceutical companies like Merck&amp;Pfizer,701465782417403905
1091373347315814400,2019-02-01,Pfizer: die Tendenz weist nach oben! ‚Äì Aktienanalyse | InvestorSMS https://t.co/rAytMfrRFS,21302223
1091372755147059200,2019-02-01,Pfizer: die Tendenz weist nach oben! - Aktienanalyse: Toronto (https://t.co/f8lOX7rmoj) - Pfizer-Aktienanalyse von‚Ä¶ https://t.co/fOkEs75bs7,259733922
1091372731835269120,2019-02-01,@pfizer stop advertising on @TuckerCarlson,1002440875677536256
1091372583553925120,2019-02-01,@JordanUhl @alincome @pfizer @Ford @Expedia @exxonmobil @UHC @KabbageInc @SmartMouth Has @foxandfriends responded to any of the emails one host dared its viewers to send about Trump/Russia?,2772059550
1091372569327034368,2019-02-01,@DesignationSix @UROCKlive1 @FoxNews @rubytuesday @Starbucks @PhRMA @pfizer @Bayer @BayerUS @GSK @novonordisk @Novartis @Celgene @Amgen @SanofiUS @AstraZeneca @Disney @Arbys @IHOP @MyPillowUSA @OmahaSteaksB2B #grabthembythewallet,35224943
1091371900402573312,2019-02-01,New strategies to reduce the time it takes to translate new discoveries to the clinic. Lauren Becnel of Pfizer will be speaking at #BioITWorldWest on 'Smarter Medical Research &amp; Learning Health Systems through Oncology Real World Data.' https://t.co/C5IVIQxjxZ #BioITWorld https:/,3294564874
1091371876394418176,2019-02-01,New strategies to reduce the time it takes to translate new discoveries to the clinic. Lauren Becnel of @Pfizer will be speaking at #BioITWorldWest on 'Smarter Medical Research &amp; Learning Health Systems through Oncology Real World Data.' https://t.co/VEiosXKf4l #BioITWorld https://t.co/o2GktGOnDt,32615991
1091371554997501954,2019-02-01,Things that make you go... wtf!?  THE BUILDING THAT A REHAB FACILITY HERE IN CT HOLDS THEIR DAILY GROUP SESSIONS IS OWNED BY...  @pfizer!  Swallow that one.   #opioidcrisis #opioidepidemic  @realDonaldTrump,767501778975875072
1091371449099653120,2019-02-01,Vail AZ Newsflash: Vail Resorts (MTN) Shareholder Iat Reinsurance Company LTD Decreased Its Position; Pfizer ... https://t.co/GE1MwlkMdS https://t.co/EXUqLhCbHz,148534842
1091371097491152897,2019-02-01,"@JordanUhl @alincome @pfizer @Ford @Expedia @exxonmobil @UHC @KabbageInc @SmartMouth Well given how Trump is president, clearly you don‚Äôt need to be an expert on anything for right wing media to ask your opinion.",969018656
1091371083029204995,2019-02-01,"@JordanUhl @alincome @pfizer @Ford @Expedia @exxonmobil @UHC @KabbageInc @SmartMouth jfc, they just want to watch the world burn",124226888
1091370739574353920,2019-02-01,$PFE: Pfizer receives positive CHMP opinion for Vizimpro https://t.co/eRU0CAeeJH,72928001
1091370546321715201,2019-02-01,@pfizer why are you helping promote lies that are destroying our planet? You need to #dobetter and stop putting your profits over our lives. https://t.co/GAJibYtINp,363216087
1091370452843483136,2019-02-01,"@JordanUhl @alincome @pfizer @Ford @Expedia @exxonmobil @UHC @KabbageInc @SmartMouth When the climate crap finally hits the fan and crises of global warming abound everywhere with people losing life, losing lands, losing liberty, I would wish that all these 'deniers' could be somehow penalized or sued for their irresponsible promotion of global warming as a hoax.",262649174
1091370085191569409,2019-02-01,@JordanUhl @alincome @pfizer @Ford @Expedia @exxonmobil @UHC @KabbageInc @SmartMouth God that guy sucked. Hope his house floods first.,300706873
1091369957642944515,2019-02-01,"@LauraEboa I think they trusted the team to 'fix the bugs'. HealthTech is complex and it's different from Pharma, it can't be that binary. Now as an investor/board member you only had to look at their partners: Pfizer, GSK, the Cleveland Clinic...",59468449
1091369150080004097,2019-02-01,Pfizer Inc. $PFE Increases to $42.78 https://t.co/Ky2gVsm58T,1085522233043443712
1091368891694149633,2019-02-01,@JordanUhl @alincome @pfizer @Ford @Expedia @exxonmobil @UHC @KabbageInc @SmartMouth Pretty sure @exxonmobil is quite ok with Climate Change denial.,43134283
1091368649775026176,2019-02-01,@JordanUhl @alincome @pfizer @Ford @Expedia @exxonmobil @UHC @KabbageInc @SmartMouth Please stop funding this harmful nonsense!,741982399
1091368608360423426,2019-02-01,@tony_altamirano @JordanUhl @alincome @pfizer @Ford @Expedia @exxonmobil @UHC @KabbageInc @SmartMouth Great question. I guess they're wasting a lot of time and money developing electric cars,127137318
1091367908746383361,2019-02-01,"√ñn Bilet satƒ±≈ülarƒ±nƒ±n kapanmasƒ±na SON 5 G√úN! Yapƒ± Kredi Bankasƒ± ile case √ßalƒ±≈ümasƒ±, ƒ∞zg√∂ren Akademi ile eƒüitim, Pfizer ile Mock Interview kazanarak kariyerin i√ßin adƒ±m atabilirsin. ƒ∞ndirimli bilet fƒ±rsatƒ±nƒ± ka√ßƒ±rmamak i√ßin hemen yerini ayƒ±r! Biletler: https://t.co/F2sKZtHFGa'da! https://t.co/NHA3UhFRTR",228504160
1091367670560092160,2019-02-01,@JordanUhl @alincome @pfizer @Ford @Expedia @exxonmobil @UHC @KabbageInc @SmartMouth @Ford why the climate change denial?,23913913
1091366450747432960,2019-02-01,"‚ñ∂ Pfizer: die Tendenz weist nach oben! - Aktienanalyse: Toronto (https://t.co/YP8xX5QCDa) - Pfizer-Aktienanalyse von Analyst Alex Arfaei von BMO Capital Markets: Alex Arfaei, Aktienanalyst von BMO Capital Markets, rechnet laut einer‚Ä¶ https://t.co/fR1gLw3z1i AKTIENCHECKde",1289565265
1091365981354639363,2019-02-01,@JordanUhl @alincome @pfizer @Ford @Expedia @exxonmobil @UHC @KabbageInc @SmartMouth People like this make my foot long for nuts. No you may not reproduce. https://t.co/TiHz1sCvxZ,34795523
1091365581981388800,2019-02-01,"Integrating China in Global #ClinicalTrials with a Companion Diagnostic: Challenges and Opportunities: Hear from Marielena Mata, PhD, Director and Diagnostic Lead, Companion Diagnostics, @pfizer #TRICON",18247542
1091365568324820992,2019-02-01,Pfizer pivots to cancer drugs for growth https://t.co/pgd1dJEw0b #pharmacists #pharmacy #healthcare #health #profession,1029139566823755776
1091365561483911169,2019-02-01,"It is important that we all advocate for health policies and education that increase access to, and adoption of, #vaccines along with better #stewardship of #antibiotics.   https://t.co/z6sATMwMMm @VaccinesEurope https://t.co/kJe1hIbHhI",1070930805441118208
1091365498418315264,2019-02-01,@JordanUhl @alincome @pfizer @Ford @Expedia @exxonmobil @UHC @KabbageInc @SmartMouth TOTALLY read that as Smash Mouth at first.,20821876
1091365280884932609,2019-02-01,"This morning Fox &amp; Friends brought on Mike Slater, a conservative radio host *not a climate scientist*, to deny climate change.  These companies ran ads:  @alincome @Pfizer @Ford @Expedia @exxonmobil (lol) @UHC @KabbageInc @SmartMouth https://t.co/zY1VuK7uhG",68752979
1091365040077373441,2019-02-01,"@BiotechObserver @Biotech2050 @pfizer Well, let's put it this way, I read sellside notes and they *say* their numbers are risk adjusted ....",960747870
1091364718315532289,2019-02-01,We‚Äôre excited to announce that the EU CHMP adopted a positive opinion for the approval of our 1st line treatment for patients with locally advanced or metastatic #NSCLC with EGFR-activating mutations. https://t.co/LasVVDn8k0,540233480
1091364699692777472,2019-02-01,"[#CancerDuSeinMeta] AKO@Dom, une solution soutenue par Pfizer alliant le suivi par une infirmi√®re lib√©rale avec une application de coordination des acteurs de soins, pour les patients sous traitement anti-canc√©reux √† domicile. En savoir plus en  vid√©o : https://t.co/Qc7ECaTOkH https://t.co/rmuEqP3zgc",237673054
1091364375292727296,2019-02-01,"@ByJonGardner @Biotech2050 @pfizer No shit, sherlock.",1012298036490506240
1091363747149549569,2019-02-01,#@Pfizer launches first #P4P #cancer #insurance product with PICC. #China #innovation #insurtech #medtech #bighealth #BigPharma #healthcare  https://t.co/dNekcDFFqG,355724014
1091363525765881856,2019-02-01,"Testosterone Replacement Therapy Market including key players: AbbVie, Endo International, Eli lilly, Pfizer, Actavis, Bayer, Novartis, Teva, Mylan, Upsher-Smith, Ferring Pharmaceuticals https://t.co/fl3uFBOrs4 via @IndustryToday",54287500
1091363236195246081,2019-02-01,"As Pfizer $PFE Share Price Rose, Choate Investment Advisors Has Cut Its Holding; Roffman Miller Associates Trimmed Its Automatic Data Processing $ADP Position as Share Price Declined  https://t.co/XrkTzA0QYv",1084832449467768832
1091362456977502208,2019-02-01,Excellent read from Mikael Dolsten @Pfizer https://t.co/KmViPiFlzc,965239285074071552
1091361538718474240,2019-02-01,@pfizer launches first #P4P #cancer #insurance product with PICC. #China #innovation #insurtech #healthtech #healthcare #BigPharma  https://t.co/hYdQiD4ovH,355724014
1091361349907767296,2019-02-01,@ByJonGardner @Biotech2050 @pfizer It'll be interesting to see how PoS plays out with this group as I suspect it will be around MAb like PoS,239358819
1091361293888569344,2019-02-01,@DesignationSix @UROCKlive1 @FoxNews @rubytuesday @Starbucks @PhRMA @pfizer @Bayer @BayerUS @GSK @novonordisk @Novartis @Celgene @Amgen @SanofiUS @AstraZeneca @Disney @Arbys @IHOP @MyPillowUSA @OmahaSteaksB2B Turn the entire phucking network off. Don't stop with thier 'news'. Don't watch any of their programming. It's the only way. Please retweet and re hashtag.  #turnfoxoff,144167196
1091358459692544005,2019-02-01,"Best analysis of Global Cancer Angiogenesis Inhibitor Market by Top key players: Biocon, Allergan, CASI Pharmaceuticals, Novartis, Pfizer, Roche, Celgene Corporation, Levolta Pharmaceuticals, Philogen https://t.co/OFOYqJ7LKc via @IndustryToday",54287500
1091358014693613568,2019-02-01,"[Inside Pfizer] ¬´ Comment agir pour une plan√®te en bonne sant√© ? ¬ª, chaque mois, les enfants des collaborateurs Pfizer r√©pondent en dessin √† cette grande question. Merci √† eux pour leur inspiration et leur enthousiasme üòÉ‚ù§Ô∏è https://t.co/95235cHLmX",237673054
1091356014551674880,2019-02-01,"Pfizer's lung cancer therapy, 5 other new drugs recommended for EU approval $PFE $ABBV $TEVA $RHHBY https://t.co/rsMYwx5aYr https://t.co/zqiFlk0SKf",76511168
1091355465957675008,2019-02-01,#OTCNewsflash: @Pfizer revenues rose by 2% (+2% operationally) in 2018 to US$53.6bn,902028782
1091355382201679874,2019-02-01,@pfizer and #PICC launch #P4P #valuebased #innovative #cancer insurance product. #insurtech https://t.co/hYdQiD4ovH,355724014
1091354312159215616,2019-02-01,"Without a patent on Viagra, Pfizer‚Äôs share price has been flaccid in 2019 https://t.co/dhSc3afaWN",573918122
1091354129795088389,2019-02-01,"Are you at #WHCBC2019? Don't miss 'Leveraging Big Data: The Promise and Challenge of #BigData for Pharma' starting in just 30 minutes! Hear from industry experts at @healthverity, @Novartis, @McKinsey, @GuardantHealth, @pfizer and @Regeneron.",2789890164
1091353994621009923,2019-02-01,Pfizer Pivots to Cancer Drugs for Growth https://t.co/awQlmun62l,772488260
1091353297213104128,2019-02-01,"As Pfizer $PFE Valuation Rose, Associated Banc-Corp Has Cut Its Stake; As Cit Group $CIT Stock Value Declined, Shareholder Jacobs Asset Management Cut Position  https://t.co/F6WaoYimJs",1084832449467768832
1091353064366321665,2019-02-01,"@Patrick47104687 @vol1977 @itsJeffTiedrich @realDonaldTrump Stock buybacks are at $1.1 trillion dollars. Those tax cuts are doing exactly what the Republicans wanted. Just making those rich fat cat companies richer. Lowe‚Äôs, Pfizer, and FB CEO‚Äôs should be sending you GOP‚Äôs free shares. I‚Äôm sure they are.",1069741358678708224
1091352947638845440,2019-02-01,Suffolk Capital Management Has Boosted Stake in Sage Theraputics $SAGE; Shareholder Hedeker Wealth Management Group Has Boosted Pfizer Com $PFE Stake  https://t.co/9xPspIiSti,1084832449467768832
1091351715033563136,2019-02-01,@ByJonGardner @Biotech2050 @pfizer Forecasted sales can fail. Look at Kymriah. Just 16% sales out the 300M that were expected.,2926129144
1091350737844621320,2019-02-01,La empresa @pfizer prolonga el problema en su planta de inyectables hasta 2020 https://t.co/96nxLbqH9C https://t.co/YfRyNwIwvy,1546040797
1091350572307906560,2019-02-01,"Central Nervous System Drugs Sales Market, Geographical Segmentation, Industry Size &amp; Share, Comprehensive Analysis To 2025| Johnson &amp; Johnson, Pfizer, Novartis, Roche, Sanofi-Aventis - Press Release - Digital Journal - +GENERAL PHYSICS ...  https://t.co/vbXwJzh4lI",2829461701
1091350571766804480,2019-02-01,"Central Nervous System Drugs Sales Market, Geographical Segmentation, Industry Size &amp; Share, Comprehensive Analysis To 2025| Johnson &amp; Johnson, Pfizer, Novartis, Roche, Sanofi-Aventis - Press Release - Digital Journal - +GENERAL PHYSICS ...  https://t.co/FM9v9IC523",2829461701
1091350461179817985,2019-02-01,"The latest #XconBioRoundup, featuring @Novartis, @JNJNews/@jnjinnovation, @Roche &amp; @AC_Immune_SA, @Sunovion &amp; @AcordaNews, @AlexionPharma, @TakedaPharma, @Pfizer &amp; @LillyPad, @OncoCyteLBx, @vygrtx, @LyndraInc, @Agenus_Bio, @GossamerBio, @AduroBiotech: https://t.co/q38mrmeqxO",29881875
1091350347082317824,2019-02-01,@ByJonGardner @pfizer Indeed I agree. Only few will survive. But for example should Sangamo be successful in MPS1 and 2 it could unleash its platform to address multiple Lysosomal Storage Disorders. So keep an eye on the upcoming World Symposium event this 02/07.  https://t.co/R3sGgoGaQk,2494896473
1091349935713386496,2019-02-01,Cork Pfizer workers to strike over pension issue https://t.co/wjYucn1NxD It is very much in the interests of all working people that the Pfizer workers win this important dispute.,2575040162
1091348883739942913,2019-02-01,"@Biotech2050 @pfizer Interesting thing about gene therapies is that we've got 60-some with sellside forecasts, many of which are phase I or earlier. Logic tells me that many will not be around in a couple of years.",960747870
1091348363172331520,2019-02-01,"Wells Fargo Co New $WFC Stake Has Increased by Fragasso Group Inc; New England Professional Planning Group Has Decreased Pfizer $PFE Stake by $338,712; Shares Rose  https://t.co/MkansXtqfc",1085072355481784320
1091347434075086848,2019-02-01,Pfizer: dunkle Zeiten gehen zu Ende! - Aktienanalyse: Z√ºrich (https://t.co/f8lOX7rmoj) - Pfizer-Aktienanalyse von‚Ä¶ https://t.co/wKmfEmZu25,259733922
1091346818959589377,2019-02-01,@ByJonGardner Have a look at the trend predicted by the FDA and why don't you have a chat with $PFE @pfizer  https://t.co/RdIUZ7Dx7I,2494896473
1091346632015298565,2019-02-01,$PFE Pfizer https://t.co/1CtyeHp8hh Support       42.08    41.98    41.71    40.98    40.96    40.42 Resistance    44.10    45.07    42.76    42.76    42.76    42.76 Watch forüöÄ   41.21üê£  41.18üê§  41.39üê•  41.99üê¶  42.67ü¶Ö  42.84üëë https://t.co/L8k5gg8zxr,292142673
1091346441769934849,2019-02-01,Pfizer Receives Positive CHMP Opinion for Vizimpro¬Æ (dacomitinib) for the First-line Treatment of Adult Patients wi https://t.co/eQmy573JeG,3318510966
1091345725336694784,2019-02-01,"Q4 Biopharma Themes: Strong 2018, Weaker 2019 Earnings Projections, Concerns over Drug Pricing https://t.co/F3O5tFUP4U https://t.co/G3JiPMpM0b",875382419251019776
1091344689607991299,2019-02-01,"Pfizer's lung cancer therapy, 5 other new drugs recommended for EU approval $PFE $TEVA $ABBV $RHHBY https://t.co/nxIp7LmmF4",292876633
1091344598407004160,2019-02-01,AwesomeCapital: Pfizer Receives Positive CHMP Opinion for Lung Can... https://t.co/2qv6RVnJqr,25406480
1091343781021077504,2019-02-01,"#Kildare   Kildare: 2 car crash outside Pfizer in newbridge, naas direction on the dual carriage way.  JK",940040943712878594
1091343277234761728,2019-02-01,Pfizer: dunkle Zeiten gehen zu Ende! ‚Äì Aktienanalyse | InvestorSMS https://t.co/hexhxNikFl,21302223
1091343145676296194,2019-02-01,"Sobre a serendipidade em inova√ß√£o -  -Viagra: A Pfizer buscava um rem√©dio para hipertens√£o, descobriu um rem√©dio para hiperTES√ÉO  - Fon√≥grafo: Para Thomas Edison, seria usado para registrar o √∫ltimo desejo de moribundos, n√£o para revolucionar a ind√∫stria da m√∫sica .",47106657
1091342544615526400,2019-02-01,"‚ñ∂ Pfizer: dunkle Zeiten gehen zu Ende! - Aktienanalyse: Z√ºrich (https://t.co/YP8xX5QCDa) - Pfizer-Aktienanalyse von Analyst Vamil Divan von der Credit Suisse: Vamil Divan, Aktienanalyst bei der Credit Suisse, rechnet bei den Aktien des‚Ä¶ https://t.co/Li1tM4Mfei AKTIENCHECKde",1289565265
1091341606370721792,2019-02-01,$PFE - European advisory group backs Pfizer's Vizimpro in lung cancer https://t.co/bUjfUWTtge,15296897
1091341530856652802,2019-02-01,@1a @CoryBooker is the worst kind of neo-liberal in that he probably genuinely thinks he is not.  The distiguished Senator from Pfizer needs to really think hard about which side of his mouth he will be talking from. No. There is no 'Third way' in a representative democracy.,757566830311411712
1091341473885364224,2019-02-01,Pfizer Receives Positive CHMP Opinion For Vizimpro For The First-line Treatment Of Adult Patients With Locally Advanced Or Metastatic Non-small Cell Lung Cancer With Egfr-activating Mutations,2432028553
1091341263184396290,2019-02-01,Pfizer Receives Positive CHMP Opinion For Vizimpro For The First-line Treatment Of Adult Patients With Locally Advanced Or Metastatic Non-small Cell Lung Cancer With Egfr-activating Mutations,87784777
1091341049476382720,2019-02-01,#DYK babies under 2 are among those at higher risk for vaccine-preventable diseases? Getting babies vaccinated at the scheduled times are important steps parents can take to help protect them from some serious diseases. #sponsored #Pfizer https://t.co/AmJGBPWEWU https://t.co/g1jHI9NTSM,299876049
1091340037453578240,2019-02-01,Pfizer Receives Positive CHMP Opinion for Vizimpro¬Æ (dacomitinib) for the First-line Treatment of Adult Patients with Locally Advanced Or Metastatic Non-Small Cell Lung Cancer with EGFR-Activating Mutations https://t.co/AQRVuStgd8 https://t.co/d8EvbLHTF0,976297820532518914
1091339894595694592,2019-02-01,"Global #Addiction Treatment Market 2019 Allergan, Alkermes, Pfizer, Orexo, GlaxoSmithKiline ... https://t.co/bqAE8RikvZ #alcoholicsanonymous #xa #onedayatatime https://t.co/ORhLXjrYVl",555586513
1091338667908579328,2019-02-01,"Garrison Financial Corp Invests $200,000 in Pfizer Inc. (PFE)  https://t.co/QEOI1d274a #investingnews",2525892205
1091337524465803265,2019-02-01,"Xconomy - #Bio #Roundup: #Alzheimer‚Äôs Fail, #Drug #Price #Plan, #Gene #Therapies &amp; #DRUG #DEVELOPMENTS https://t.co/QWpLu146cB #JnJ #Roche #Sunovion #Alexion #Takeda #Pfizer #Lilly ...",142663339
1091336922423795712,2019-02-01,"Petroleum &amp; Resources Raised Valero Energy $VLO Position; Wedbush Securities Has Lowered Pfizer $PFE Position By $463,496  https://t.co/T91p3qqWMN",1084832449467768832
1091336581737271297,2019-02-01,Rare diseases unite - Thank you Pfizer for your commitment to the Rare Disease Community.  I was honored to be a part of this amazing event! https://t.co/8baivs54VK,849538279
1091336029775249409,2019-02-01,"#CHMP #Meeting #Highlights: #Ajovy #Teva #fremanezumab for #migraine, #Vizimpro #Pfizer #dacomitinib for #cancer, #adalimumab #biosimilars: #Idacio &amp; #Kromeya #Fresenius . #HIV #Krka #atazanavir &amp; #hyperuricaemia #Krka #febuxostat https://t.co/Ciiec8lbcx",142663339
1091335758168969217,2019-02-01,üíº | Placement Opportunity  üëâ Pfizer UK Undergraduate Programme Placement  üí∑ Paid üè¢ @PfizerCareers  üìç Surrey or Kent ‚åõ 03/02/2019  Find out more and apply at https://t.co/7EwPUAGfVd https://t.co/vme73qy8CT,90373282
1091333439947788289,2019-02-01,"@jacobinmag That's why people love him. He's everything we want. He should write a Cuomo style speech to Pharma.   '...I am Pfizer, I am Novartis, I am GlaxoSmithKline, I am Sanofi, I am Amgen..., I am one of you. I am ALL of you..., and we will never allow ourselves to become generic!!!'",843792164752691200
1091332589552578560,2019-02-01,@pfizer Why are so many more people affected by it?,14067608
1091331321643876352,2019-02-01,Argus: Pfizer $PFE Hit $55 Target And Outperform From Neutral. https://t.co/RzqHs5xLT9,1085522233043443712
1091331205650440192,2019-02-01,"@Twostepmike @IndivisibleTeam @CoryBooker That's why #thePeople love him. He's everything we want. He should write a Cuomo style speech about it.   '...I am Pfizer, I am Novartis, I am GlaxoSmithKline, I am Sanofi, I am Amgen..., because I am one of you. I am ALL of you..., and not one of us generic!!!'",843792164752691200
1091331197148561408,2019-02-01,"New @PBOAssoc e-news, feat. @PCI_Social @Gerresheimer @LonzaPB @DrugDeliveryIns @AvistaPharma @pfizer @bournepartners @BioDuroLLC @xyntek @ams_bio @ValgenesisInc! Read/subscribe: https://t.co/s7bN2Qxw3D",2787646920
1091330796907040770,2019-02-01,Credit Suisse Upgraded Pfizer $PFE's Rating From 'Neutral' To 'Outperform'. https://t.co/5HgeJt03NC,1085522233043443712
1091328392803348482,2019-02-01,"Den √∂kande antibiotikaresistensen √§r en allvarlig global h√§lsoutmaning. F√∂r att motarbeta antibiotikaresistensen m√•ste alla parter - allm√§nheten, sjukv√•rden, myndigheterna och l√§kemedelsbranschen dra sitt str√• till stacken. https://t.co/6mU6Xqn3wr #amr #v√•rdpol https://t.co/47xb74Ahzn",3003321293
1091327879227547649,2019-02-01,"3 Clinical Trials with Mixed to Disastrous Results: Sophiris, Merrimack and Pfizer https://t.co/CYcFYpml9q https://t.co/lRPxOXXErL",75639425
1091326730818732032,2019-02-01,"Good morning #SDC19! If you're up this morning, why not join Chad Patnode (Pfizer) and I for a session on planning your trips around special events and TFRs? We're in Room #3 (217A) at 8:30, right next to the breakfast. Are you ready for Super Bowl Sunday? POTUS TFR questions?",34264686
1091326080387084288,2019-02-01,The article is out. Brilliant way to finish off my secondment at Pfizer. Many more partnerships/ventures to come out of this initiative so stay tuned! #rarediseases #RXRE2018 https://t.co/dNuUP8G4Gk,1078672790809726976
1091324506327662592,2019-02-01,"@EzziesBookshelf @TheBiblioGirlUK Indeed. After sufficient time in the re-education camp and a full course of Wokenol AF, the new social justice pharmaceutical from Pfizer, Zhao will be able to revise away all unpleasant elements from her fiction and release a new tediously pedantic edition. It‚Äôll be great!",17451441
1091323524738924544,2019-02-01,Auch ‚Å¶@BerlinPartner‚Å© macht schon aufmerksam! Danke! Zeigen wir den 4 Millionen Menschen mit #Seltenenerkrankungen dass sie nicht alleine sind! #pfizer https://t.co/F4ITxy0QU4,791666100731834369
1091322339986493441,2019-02-01,"People fawning over bill gates don't want to check that Apple is at the top of the ranking with more than $200 billion in offshore funds, followed closely by Pfizer laboratories ($193.6 billion) and Microsoft's IT group ($124 billion).   https://t.co/8CzbvvZmWH https://t.co/GGZp83wYTh",751826994967539716
1091320443183734784,2019-02-01,@pfizer_spain informa sobre #ArtritisPsori√°sica https://t.co/zlevOqwj1y,3305538845
1091319414941728769,2019-02-01,"@AP Yeah, okay Spartacus. Merck and Pfizer called. They got more drugs they want you to push.",51294127
1091316031270907905,2019-02-01,FDA warned of EpiPen complaint problems at Pfizer's Meridian factories - Business Insider #epipen #allergies  https://t.co/jaE5EhWl1w,2824941946
1091315108998008832,2019-02-01,#Janssen #Pfizer #Roche #novartis  #FridayMotivation #FridaysForFuture https://t.co/vN4sM57LOY,982887414841556997
1091314796761358336,2019-02-01,"@C_Kazmierczak I takie efekty dziƒôki fasolce, co na to spece z firmy Pfizer?",2938638449
1091314198959800320,2019-02-01,"Son of a bitch, if Five Jack becomes the next Pfizer... #Startup #Unicorns #VC",713024585797492740
1091313813251678209,2019-02-01,"Winslow Asset Management Trimmed Its Position in Pfizer Com $PFE as Stock Rose; As Abbvie  $ABBV Valuation Declined, Auxier Asset Management Has Lifted Holding by $394,800  https://t.co/Xq9KdoRIds",1084832449467768832
1091310574212956160,2019-02-01,"Warren slammed pharma giant Pfizer in November for hiking prices on prescriptions, saying that Pfizer '‚Äòpromised' it wouldn‚Äôt raise prices, then turned around and raised them anyway,' and added that 'we can‚Äôt count on drug companies to tackle rising drug costs, so Congress must.'",1078094414
1091310266627837952,2019-02-01,Pfizer ampl√≠a su planta de San Sebasti√°n de los Reyes en Madrid. https://t.co/IaNwLUPvz4,72822551
1091309501251112962,2019-02-01,"#VIphv We are delighted to have YUUNG YUUNG YAP, Senior International Regulatory Counsel, EU and International Regulatory Law, @pfizer on board as a speaker for our 18th Pharmacovigilance 2019 on 27th &amp; 28th February 2019, UK https://t.co/d4SPBXpa4E @fen_castro https://t.co/x8nmcmqgdj",206610822
1091308725795803137,2019-02-01,Montag A &amp; Associates Increases Stake in Pfizer Com $PFE; Alibaba Group Hldg LTD $BABA Shareholder Credit Agricole S A Lowered Position by $27.64 Million as Stock Price Declined  https://t.co/fyUXesbvd9,1084832449467768832
1091308678559551489,2019-02-01,"Pfizer on LinkedIn: 'This year, we were awarded the Healthcare Businesswomen‚Äôs Association ACE Award for demonstrating an extraordinary drive to unlock the full potential of our female talent pool with a portfolio of game-changing programs offered throu... https://t.co/iPV5afDZco",772488260
1091307330409582598,2019-02-01,@Schlegel335 @CaverStem @MdFacep @mbmd17 @GershmanMDLA @CelzFans @femcelz @mattmchale84 @JBizzle703 @pfizer Yup just like axxa did. Nice to see you on this one.,836961030152548352
1091306118758965249,2019-02-01,Panel complete for Thursday's webinar w/ @IQVIA_UK on 2nd #lifesciences sector deal and NHS 10 Year Plan. Delighted to confirm Dr Suki Balendra (@balendra_suki) Office of Life Sciences and @Pfizer's Erik Nordkamp https://t.co/R5ewVDfRBw  #NHSLongTermPlan #FutureNHS #Brexit https://t.co/mun0AZMvF7,27254739
1091305368205094913,2019-02-01,Pfizer Stock's 'Dark Period' Might Finally Be Over https://t.co/WIfSAHkTOM,324914276
1091305253729943554,2019-02-01,"Pfizer, Merck drop after Wall Street downgrades on ‚Äòpatent cliff‚Äô and competition https://t.co/yADraQzJWk",84390232
1091305214374744065,2019-02-01,"It's great to know over 40 @Pfizer_UK #apprenticeships contributed to the 4 year high in the number of pharma apprenticeships, as reported by @ABPI_UK - see full interactive report here: https://t.co/QEDAnEHqRD https://t.co/Loq3nFlWw1",907335807060643841
1091302699067473921,2019-02-01,Veritas Investment Management Llp Increases Holding in Apple $AAPL; Pfizer $PFE Holding Lifted by Veritas Asset Management Llp  https://t.co/ecN31k3sL7,1085072355481784320
1091302566435053568,2019-02-01,"#VIphv We are delighted to have PHILLIP EICHORN, Senior Director (Worldwide Safety and Regulatory), @pfizer on board as a speaker for our 18th Pharmacovigilance 2019 on 27th &amp; 28th February 2019, Pestana Chelsea Bridge Hotel, London, UK https://t.co/d4SPBXpa4E #regulatoryaffairs https://t.co/B86GQoveNp",206610822
1091301127977684992,2019-02-01,State Of Alaska Department Of Revenue Decreased Pfizer INC $PFE Stake by $3.44 Million as Shares Rose https://t.co/mP17RSxtW4,1085522233043443712
1091300079972036608,2019-02-01,@pmc1423 Inject on-the-block Simmons into a penis. Fix erectile dysfunction. @pfizer,438569685
1091298604806012929,2019-02-01,#Pfizer World-Wide Sales for #XALKORI was 524m USD in 2018 (Down 12%) $PFE https://t.co/23ZRTyrYNe,1889492676
1091298340640378880,2019-02-01,#Pfizer World-Wide Sales for #XALKORI was 107m USD in Q4 2018 (Down 30%) $PFE https://t.co/23ZRTyrYNe,1889492676
1091297917351198720,2019-02-01,#Pfizer World-Wide Sales for #XTANDI was 699m USD in 2018 (Up 18%) $PFE https://t.co/23ZRTyrYNe,1889492676
1091297576069025792,2019-02-01,#Pfizer World-Wide Sales for #XTANDI was 189m USD in Q4 2018 (Up 13%) $PFE https://t.co/23ZRTyrYNe,1889492676
1091297383013597184,2019-02-01,"Sinnlose Forschung: Schwimmen bis zur Verzweiflung! Fordern Sie die Pharmakonzerne Bristol-Myers Squibb, Eli Lilly und Pfizer auf, die grausamen und nutzlosen Versuche einzustellen.  https://t.co/owrVIuCLo1",3391936557
1091297007778627585,2019-02-01,#Pfizer World-Wide Sales for #SUTENT was 1049m USD in 2018 (Down 3%) $PFE https://t.co/23ZRTyrYNe,1889492676
1091296655473868801,2019-02-01,#Pfizer World-Wide Sales for #SUTENT was 264m USD in Q4 2018 (Down 4%) $PFE https://t.co/23ZRTyrYNe,1889492676
1091296036042231814,2019-02-01,#Pfizer World-Wide Sales for #BOSULIF was 296m USD in 2018 (Up 27%) $PFE https://t.co/23ZRTyrYNe,1889492676
1091295549322653696,2019-02-01,#Pfizer World-Wide Sales for #BOSULIF was 89m USD in Q4 2018 (Up 27%) $PFE https://t.co/23ZRTyrYNe,1889492676
1091294740652478465,2019-02-01,#Pfizer World-Wide Sales for #IBRANCE was 4118m USD in 2018 (Up 32%) $PFE https://t.co/23ZRTyrYNe,1889492676
1091294676047548420,2019-02-01,"Greenwood Capital Associates Has Trimmed Its Position in Conocophillips $COP by $3.67 Million; As Pfizer $PFE Share Value Rose, Laffer Investments Has Decreased Its Position  https://t.co/m2TOlUHWat",1085072355481784320
1091294262795399168,2019-02-01,#Pfizer World-Wide Sales for #IBRANCE was 1133m USD in Q4 2018 (Up 58%) $PFE https://t.co/23ZRTyrYNe,1889492676
1091292820344897536,2019-02-01,#Pfizer World-Wide Sales for #INLYTA was 298m USD in 2018 (Down 12%) $PFE https://t.co/23ZRTyrYNe,1889492676
1091292520586334208,2019-02-01,"üÜòSinnlose Forschung: Schwimmen bis zur Verzweiflung https://t.co/hHnL8LPxIK #Pharma #BristolMyers #Squibb, #EliLilly, #Pfizer f√ºhren veralteten ‚ÄûForcedSwimTest‚Äú durch.M√§use,Ratten,Meerschweinchen,Hamster,Rennm√§use werden in Wasserbeh√§lter gesetzt,aus d.sie nicht entkommen k√∂nnen",2627650517
1091292175462207488,2019-02-01,#Pfizer World-Wide Sales for #INLYTA was 72m USD in Q4 2018 (Down 13%) $PFE https://t.co/23ZRTyrYNe,1889492676
1091290945910435841,2019-02-01,"Insurance &amp; Pharmaceutical companies  need to stop cheating us. Stop pill patents, stop allowing them to over charge people, stop allowing they to avoid paying taxes. #Pfizer got #trump taxbreak, 10% of their money went to researching new pills, now its around 5%",19012456
1091290599221792768,2019-02-01,More here on our #CommunityLab launch https://t.co/FlFYX6nEUx . With thanks for support from @Pfizer_UK @STEMLearningUK @CanterburyCCUni https://t.co/PATaJ0tXxw,918851376
1091290254672388096,2019-02-01,"Farmaciereus Pfizer heeft een degelijk vierde kwartaal achter de rug, maar voorspelt dat groei in 2019 ver te zoeken is. De vooruitzichten voor na dit jaar zijn gelukkig beter. https://t.co/IZ20JUopEw https://t.co/aux3iFAah1",150183690
1091289726559100928,2019-02-01,We're doing our bit here @DiscoveryPark_ with the relaunch of our #CommunityLab  with @Pfizer_UK @CanterburyCCUni @STEMLearningUK. Building local skills for a thriving life sciences sector  https://t.co/FlFYX6nEUx @ResFortnight https://t.co/ReEgh8wkO2,918851376
1091286762750705665,2019-02-01,MASTER MANUFACTURING AND SUPPLY AGREEMENT (PFIZER AS MANUFACTURER) ‚Äì Sample ‚Äì Free WORD¬†download https://t.co/sbEs6tISzs https://t.co/hCjrGeZB7g,928373455866810371
1091285622684336129,2019-02-01,The development of brain stem cells into new nerve cells and why this can lead to cancer https://t.co/bsaDRClEUs,301890257
1091285209050505216,2019-02-01,400 Pfizer employees set to strike over pensions #ireland https://t.co/C0xFmlrHm0,4222277297
1091285199609044993,2019-02-01,Congrats to Barbara Dalton of Pfizer Ventures for her lifetime achievement award! https://t.co/homnZ89UPy,53105668
1091282803277398021,2019-02-01,"@ErwinKussmaul Wir, die Unternehmenskommunikation von Pfizer Deutschland, versuchen aktuell herauszufinden, inwiefern dieses Verfahren in Deutschland angewandt wird. Wir bitten Sie, sich zu gedulden, bis wir Ihnen antworten k√∂nnen.",207421760
1091282630220410880,2019-02-01,"The future of personalization relies on you to source, analyze and apply data to every intelligent decision and micro-segment. See how Novartis, GSK, Pfizer and more are doing this LINK #efpPhilly https://t.co/8TPHSt4htm https://t.co/2AAQEeg1Fa",1638443672
1091282042602561536,2019-02-01,400 #Pfizer employees set to strike in #Ireland over pensions https://t.co/sPA4Tnr7bA #pharma https://t.co/uwaYFiEov2,17960461
1091282035145142272,2019-02-01,400 Pfizer employees set to strike over pensions : https://t.co/HcyEt1uj7U #pharmaceutical,3901351277
1091281850797117440,2019-02-01,. @pfizer in China‚Äôs first pay-for-performance cancer drug insurance deal https://t.co/0T8YI9TLUg #pharma,71542880
1091281445014781954,2019-02-01,@comickeys @JordanUhl @AOC Companys like Pfizer offload 5% of there stock into Canada market to comply with their Price-Controls.   AOC plans will eliminate that discount we give them and the prescription cost will rise in Canada.,1047677841611972608
1091281265234534400,2019-02-01,Credit Suisse Group Reaffirms ‚ÄúNeutral‚Äù Rating for Pfizer $PFE https://t.co/2msZVwZuNb,68559732
1091280253069262849,2019-02-01,Identification and characterization of synthetic chondroitin-4-sulfate binding peptides in neuronal functions https://t.co/IcMeXrVlUi https://t.co/DxGau2yeej,301890257
1091278609141166080,2019-02-01,The top 4 pharmaceutical companies  J&amp;J: $81.6 bn Roche: $57.25bn Pfizer: $53.65bn Novartis: 51.90bn Find more @ https://t.co/fLSZNfam6L,982887414841556997
1091275904867811328,2019-02-01,New England Professional Planning Group Has Decreased Pfizer $PFE Position as Shares Rose; Procter &amp; Gamble Co $PG Holder Hoertkorn Richard Charles Lowered Its Position  https://t.co/fzBcPbLxqD,1085072355481784320
1091275742162374656,2019-02-01,"RT newscientist 'When a disease is rare, try crowdsourcing a solution. This is how one group of patients, innovators and clinicians did it at #RXRE2018. #rarediseases (Organised and funded by Pfizer)   https://t.co/oqjG3FmD8p https://t.co/bBKxfDqAuW'",1201981801
1091275515070201856,2019-02-01,Headline in a year: BREXITER BIRTH RATE DOWN AS PFIZER SUPPLIES DRY UP. ‚ÄúMy wife used to be so turned on by my Union Jack shorts.‚Äù,27019795
1091275349688811520,2019-02-01,"newscientist : When a disease is rare, try crowdsourcing a solution. This is how one group of patients, innovators and clinicians did it at #RXRE2018. #rarediseases (Organised and funded by Pfizer)   https://t.co/J17NWQKWMl https://t.co/AySPZc9fG5 (via‚Ä¶ https://t.co/2RoqeGHZST) https://t.co/Lgei8eke3R",219659647
1091275275294396422,2019-02-01,"When a disease is rare, try crowdsourcing a solution. This is how one group of patients, innovators and clinicians did it at #RXRE2018. #rarediseases (Organised and funded by Pfizer)   https://t.co/bvNi5vYsrB https://t.co/AmnoCmH50e",19658826
1091274552863117312,2019-02-01,"@Eskar_Go @JordanUhl @AOC @pfizer You sir, have a life tax enforced on you by a private industry. No conservative pundit will ever frame it that way, but that is exactly what it is. 65% of your income is spoken for by an expense that you depend on. That isn't right.",946502707711377408
1091274308150673408,2019-02-01,"Global premature ejaculation therapeutics market is likely to , grow at a CAGR of around 9% by 2024. @innovuspharma  @pfizer @Bayer  @LillyPad @GSK_AU @GSK_Oralhealth @MenariniDiagUK https://t.co/YPOdi9Fe5v https://t.co/afTyBHav6o",915163384894672897
1091273560293748736,2019-02-01,"@compbiobryan @Aurora_313Poet Subsidize Monsanto, Pfizer, Boeing, Lockheed Martin, and Amazon.",194167409
1091269469048004608,2019-02-01,"We do not have omnitrope (sandoz) , genotropin (pfizer) humatrope(lilly) or norditropin (nordisk) ,NO=(Ansomone ,Zenosim API,Fitropin API,Genotropin API,Getropin API,Glotropin API,Hypertropin API,Saizen API,Serostim API,      Tev-Tropin API,Zomacton API,‚Ä¶https://t.co/4BTY3QeiM8",1068879055691239425
1091268684935585793,2019-02-01,".@Pfizer @Merck @JNJCares &amp; @AbbottGlobal stash billions in profits offshore while charging sky-high prices for medicines, depriving women and girls the opportunity to improve their lives and lift themselves out of poverty #NoMoreTaxDodging https://t.co/y2Z7GCtYR0 https://t.co/U4NcBESkEk",2476843155
1091267413784621056,2019-02-01,"We support the #NationalApprenticeship programme across areas such as science, engineering, administration and IT - in 2017 we had over 40 #apprentices across our UK sites https://t.co/bj17STF7C5 https://t.co/8AOnW4K7IU",934054962480291841
1091266840955887616,2019-02-01,"Find out Why Depression Drugs Market Is Thriving Worldwide | Pfizer, Eli Lilly, Astrazeneca,¬†Lundbeck https://t.co/UEfmZbI3NC",960403142197248000
1091265636410540032,2019-02-01,"I'm at Pfizer T√ºrkiye - @pfizerturkiye in Be≈üikta≈ü, T√ºrkiye https://t.co/tduFH3ZnHO",345400767
1091257270296608768,2019-02-01,[#PfizerHealthCareHub] Quelles sont les missions d'un health tech champion ? D√©couvrez le r√¥le d√©cisif de nos 4 collaborateurs #Pfizer ‚û° https://t.co/bvTj4VqeER #MedTech #Esant√© #Innovation https://t.co/9nqDfxn0df,237673054
1091256980138795008,2019-02-01,Profesor √Ångel Gil de @urjc  destaca en el #1EncuentroMultidisciplinar de  eficacia de #vacuna conjugada trecevalente para la neumon√≠a neumoc√≥cica y neumoc√≥cica invasora cc @oatobservatorio @AGPacientes @pacientesPOP @pfizer_spain https://t.co/u0Gsi1xNw8 https://t.co/FebQJmTQcz,395175843
1091256214552494080,2019-02-01,@Ahmed_Abrass @H_Mahran Champix by pfizer,243414461
1091252336478117888,2019-02-01,Are the Life Sciences Sector Deal 2 and the #NHS 10-year plan just what the doctor ordered for UK #pharma? Hear insights from @pfizer @ABPI_UK  @NHSEngland and #IQVIA. Register today w/ @pharmaphorum : https://t.co/bVFVLcRiRP https://t.co/9qXoWZkvQ6,727448203180822528
1091250563226968066,2019-02-01,How can #AI unlock your business' potential? Take these 5 steps or / and get in touch with us #StartupBWSummit2019! @BoschGlobal @Daimler @FestoAG @KaercherVenture @nokia @pfizer_de @StarCooperation @stihl_de @bwcon_info  https://t.co/Ek6rh9GDWI https://t.co/CwDhESKQWH,1022108979370110977
1091249137981505536,2019-02-01,FDA warned of EpiPen complaint problems at Pfizer's Meridian factories - Business Insider https://t.co/3xPqxDuhQg,353671940
1091249134219202560,2019-02-01,California v. Pfizer. (1825) Non-homicidal crimes are a business.,887446732727910406
1091247293246902272,2019-02-01,"3 Clinical Trials with Mixed to Disastrous Results: Sophiris, Merrimack and Pfizer https://t.co/j8Hm9tx9sy https://t.co/fahYUmWSC6",3389185084
1091245768713867264,2019-02-01,"#ngs #genomics #analysis Microbiome Sequencing Services Market Size, Trend, Growth, Revenue and Demand Analysis by ... https://t.co/4AGjNOhtiF",335246117
1091245523200344064,2019-02-01,"Pfizer unterst√ºtzt bei der Vereinbarkeit von Beruf und Privatleben, bietet zahlreiche Benefits und verschiedene Gesundheitsprogramme. Lust bei uns zu arbeiten? Hier gehts zu den aktuellen Jobangeboten: https://t.co/tk1OHIYmNB #onepfizer #job https://t.co/G79lmeDvwa",160534260
1091245377209188353,2019-02-01,Pfizer Consumer Health True To Form Pending Move To JV With GSK https://t.co/VOXMxTapUh #PinkSheet,1020244080
1091243570948919297,2019-02-01,"Pfizer Worldwide Research and Development Postdoctoral Program - Bartlett, Tennessee (US) - Pfizer #ScienceJobs https://t.co/rcCGzU6rZ6",34324846
1091239678588665858,2019-02-01,"@NusratMedicine @blmerriman @vincecable @campaign_itt @ThyroidTrust @thyroiduk_org @NhsccJ @NHSEngland @MikeHewitson1 @HospChiefPharm @thetimes @billykenber @PolProfHeadUK @CandDLilian @ResearcherC @cathburns @DrPeteTaylor @TheLancetEndo @MattHancock @pkelso @CMAgovUK @PJOnline_News @ashsoni0607 @keithridge1 This investigation has been running since 2016 though, &amp; very welcome, but not  helping patients now, nor likely to soon. Similar case against Pfizer, guilty, appealed, CMA now fighting back. Could go on for years. Other action needed too.  #AndMeT3",1075514635816747008
1091238646533902336,2019-02-01,"Share price of Pfizer India - Manufacturers of Gelusil rises , post #Budget2019 #BudgetForNewIndia presentation",132130729
1091237745387814912,2019-02-01,Barƒ±≈ü Man√ßo ilk viagra ≈üehidimiz. √ñzlemle anƒ±yoruz.  Pfizer 'in tezenesi... üò¢üò¢üò¢ https://t.co/uenuzyrLJt,4091977096
1091234706362908672,2019-02-01,"Pfizer am 31.1. 2,09%, Volumen 137% normaler Tage . Details hier:  https://t.co/Nbk9LvF7MI #PFE",37382601
1091234701422088192,2019-02-01,Pfizer staff to strike over ongoing pension dispute https://t.co/2mdc7kJpoK https://t.co/5herr14mvJ,91334232
1091233470838235137,2019-02-01,"While @pfizer is education about AMR and the bad effecs of excessive medication and self medication, we have @IndiGo6E serving to passengers medicines as a cheap advertising campaign to generate revenue  Is this being presented as a medicine or as a candy? https://t.co/CTcz0SIHGz",915324754546094088
1091231850465579008,2019-02-01,@FehForFun @SulaSafeRoom They‚Äôll catch on. They always do. They did w üçãback in the day. They will again. Come on y‚Äôall. (Sigh) Atm Twitter is an ok stopgap but I‚Äôm bouncing between mastodon and Pfizer just waiting for both to grow into themselves.,77425453
1091230812127875072,2019-02-01,@DesignationSix @UROCKlive1 @FoxNews @rubytuesday @Starbucks @PhRMA @pfizer @Bayer @BayerUS @GSK @novonordisk @Novartis @Celgene @Amgen @SanofiUS @AstraZeneca @Disney @Arbys @IHOP @MyPillowUSA @OmahaSteaksB2B .@Disney so disappointed to find out you are supporting the propaganda on this channel. #FauxNews,798706123847172096
1091230786303545344,2019-02-01,"@DesignationSix @LungMD01 @UROCKlive1 @FoxNews @rubytuesday @Starbucks @PhRMA @pfizer @Bayer @BayerUS @GSK @novonordisk @Novartis @Celgene @Amgen @SanofiUS @AstraZeneca @Disney @Arbys @IHOP @MyPillowUSA @OmahaSteaksB2B In addition to being a sponsor for @FoxNews, @Bayer is also a major sponsor of the corporate marketing scam passed off as science called #EATLancet. Bayer owns #Monsanto. Monsanto makes #RoundUp the carcinogenic herbicide used all over the world.",827207695619018752
1091229703384547328,2019-02-01,"@DaniScotchIrish @robertbland14 @TrumpingTrump4 @deaconcruise @Regan0002112 @FactCheckU @solomongrundy6 @delaphenaj @just_old_joe @WeStandWithEvan @MrsPerrin @UnimpressedTX @desertdave2012 @WalterLapp @suziferg0806 @BillWaters7 @BBackerman1 @brendap1949 @Yakekoge @DaddyJim52 @eblase15 @lisalbarjas1 @Las4Liberty @kmclea8 @Bruchell1 @LeslieArnoldH2O @sable227 @sweetlyfeirce @nocovfefehere @JeffHarperArt @RichardJSunkle @HockeyFanGirl12 @steamtug7 @Ihatethisugh1 @D_R_Gringa @MikeRegan2112 @Gatoram15 @ATerecki @Trenaway11 @Darth_Spurious @eye2winner @TxsleuthUSA @MRegan002112 @lefttheparty @ClockworkTrump @KakiMiller1 Pfizer is a massive company that makes a lot more than Viagra, hospitals are full of their drugs that save lives every day. The world Pharma markets are complex, and currently imbalanced.",3318111751
1091227637161312256,2019-02-01,SIPTU members working in Pfizer plants in Cork are set to strike in a row with the company over its pension scheme.,180320024
1091226166558547971,2019-02-01,"Global Consumer Healthcare Market 2018:- Johnson &amp; Johnson, Bayer Healthcare, GlaxoSmithKline, Sanofi, Pfizer https://t.co/A86i88Fj6c via @bristolarvel",2901454968
1091226147189391361,2019-02-01,"@DesignationSix @madmissmattie @UROCKlive1 @FoxNews @rubytuesday @Starbucks @PhRMA @pfizer @Bayer @BayerUS @GSK @novonordisk @Novartis @Celgene @Amgen @SanofiUS @AstraZeneca @Disney @Arbys @IHOP @MyPillowUSA @OmahaSteaksB2B I was struggling with Starbucks, but no longer. https://t.co/me3CY5f0mb",1013454451489812483
1091224558449975296,2019-02-01,"USA konkurrenter - Pfizer oppe 3,0 procent https://t.co/Z29fQGefWi #stocks",2446245097
1091221320023588864,2019-02-01,"Global Consumer Healthcare Market 2018:- Johnson &amp; Johnson, Bayer Healthcare, GlaxoSmithKline, Sanofi,¬†Pfizer https://t.co/A86i88nIeE https://t.co/p5vsKp1eco",2901454968
1091220237821698048,2019-02-01,@VijayThk VJ sir humble How much u hv buy Pfizer,819976354678513666
1091219687499882496,2019-02-01,Pfizer &amp; others are not looking for a long time and the Wall.,1011753075705548802
1091214724031631360,2019-02-01,Dear CEO's  @Amgen @GSK @GileadSciences @AbbVie @Novartis @Merck @JNJCares @sanofi @Roche @pfizer  Connect your Sales and Marketing team hierarchy directly to Doctors and Hospitals for that wonder interaction. https://t.co/qNX1JxCRqP,433071267
1091211808952729602,2019-02-01,Compartilhe! D√™ like. https://t.co/vZH0kwOhAh Top 5 Empresas Farmac√™uticas de Vacinas em 2017 ‚úî Brazil SFE Company¬Æ  #Bexsero #Brasil #CSL #Fluzone #Gardasil #GSK #I&amp;D #Meningococica #Mercado #Merck #Pentacel #Pfizer #Prevnar #Sanofi #Vaccine #VACINAS https://t.co/3G7w92jjSo,2956693744
1091209093992382464,2019-02-01,Pfizer staff set to strike in dispute over pensions https://t.co/gIgBzR7G9B https://t.co/76nPr5VmrI,19903360
1091207924469456897,2019-02-01,"Oxycodone Market Research Report in Global Market by Insights, Size, Share, Trend and Forecast 2019-2026 @JNJCares @sanofi @Pfizer @purduepharma @ENDP @tevapharm @hikmapharma @mnkpharma @MylanNews @SunPharma_Live @Indivior  Get More Information Click Here: https://t.co/vq76CMNefw",833752029050916864
1091205973002387456,2019-02-01,@poorfranklinsa1 @johninphx @Jacklynnbj @AnnShortt5 @JosephRadmacher @PoshPatriot05 @ntlady99 @PatriciaMillin @WendyTruong3 @WHurensohn @MissMaryCovfefe @youlosenordys @TBagDemzzz @jewels2889 @MAGATrumpGirl @NRAHillbilly @TroyAnd80823766 @Bitchin50 @CalebJohnson50 @LiberalismReal @h8terbaiterlynn @KikiFoow @clintonhill889 @gorillastyle @R2017Girl @Try_Facts_Libs @NoAccountPresi1 @Robjenk07Robert @jvfnyc @Virgo3Red @Mindpollution3 @KLinduff @kneadinghands @americanism34 @BarkinDavid @Gram247 @corinne_locher @starlady24 @HanifeLong @beegee25247285 @Barnett20Todd @mebeandreaaolco @debbz8 @lauren_ten @herecomesdawave @Ligets0u812 @CyberVinnie @ilonapet @pfizer @tRickSalsman https://t.co/vc8KOx8NKK,2472492275
1091203652734406656,2019-02-01,"#Global #Megestrol Market #Insights, Opportunities, Analysis, Growth Potential and Forecast 2019-2026 @AmecoResearch Know More,Click Here@ https://t.co/5MPhfqsGwq @pfizer @Sandoz_Global @GSK @Novartis @MylanNews @bmsnews @Abnova1 @AbbottGlobal @TakedaPharma @mayne_pharma",833752029050916864
1091202799470288896,2019-02-01,Pfizer &amp; others within the Republican Party!,826952002840047617
1091201522585751552,2019-02-01,Pfizer grimpe en bourse malgr√© des pr√©visions d√©cevantes pour 2019 https://t.co/J7mtAUje5O,50107726
1091201348408729600,2019-02-01,@Try_Facts_Libs @poorfranklinsa1 @Jacklynnbj @AnnShortt5 @JosephRadmacher @PoshPatriot05 @ntlady99 @PatriciaMillin @WendyTruong3 @WHurensohn @MissMaryCovfefe @youlosenordys @TBagDemzzz @jewels2889 @MAGATrumpGirl @NRAHillbilly @TroyAnd80823766 @Bitchin50 @CalebJohnson50 @LiberalismReal @h8terbaiterlynn @KikiFoow @clintonhill889 @gorillastyle @R2017Girl @NoAccountPresi1 @Robjenk07Robert @jvfnyc @Virgo3Red @Mindpollution3 @KLinduff @kneadinghands @americanism34 @BarkinDavid @Gram247 @corinne_locher @starlady24 @HanifeLong @beegee25247285 @Barnett20Todd @mebeandreaaolco @debbz8 @lauren_ten @herecomesdawave @RobertPinnell @Ligets0u812 @CyberVinnie @ilonapet @pfizer @tRickSalsman Yep. 10 followers. Lol,3067585165
1091200245579567105,2019-02-01,@DesignationSix @GLSCHWALL @UROCKlive1 @FoxNews @rubytuesday @Starbucks @PhRMA @pfizer @Bayer @BayerUS @GSK @novonordisk @Novartis @Celgene @Amgen @SanofiUS @AstraZeneca @Disney @Arbys @IHOP @MyPillowUSA @OmahaSteaksB2B Well that's nice to see. I do not use any of these products or places.,925052617671282688
1091199856079712256,2019-02-01,Beurskoers Pfizer stijgt ondanks flauwe vooruitzichten https://t.co/PnMHZeyWH7,778240045
1091198164722438145,2019-02-01,@SilERabbit @drfitzmeyer Will Pfizer pay for my popcorn ? Perhaps the Mexico office ?,1655755868
1091197102133145600,2019-02-01,Mueller should go after Ivanka and Pfizer (makers of Viagra).  The only two things he cares about.,4317701839
1091196753825722369,2019-02-01,FDA warned of EpiPen complaint problems at Pfizer's Meridian factories - Business Insider https://t.co/NEDRaBpD3J,908163312
1091195467118055424,2019-02-01,@DesignationSix @kylegriffin1 @FoxNews @Starbucks @ProcterGamble @WaltDisneyCo @Gillette @GilletteVenus @Clearblue @Crest @FixodentUS @OralB @OlaySkin @OldSpice @Keurig @pfizer @Ford @LincolnMotorCo @AceHardware Wait I thought they all broke their keurigs and Gillettes?,344821692
1091189915457634304,2019-02-01,#PFIZER 3060+++ from 2973 https://t.co/c4LDm4IYFL,789203359
1091187546141409281,2019-02-01,The latest the daily Life Sciences 2.0 feed! https://t.co/XzhFjvr8QU Thanks to @pfizer @CelineSchill @GeneRef #genomics #digitalhealth,19851162
1091182155882000386,2019-02-01,@P4AD_ @pfizer And Amgen is just as bad. Take a look at what they‚Äôve done with Enbrel over the last 18 years (then length of time I‚Äôve been on it.) I‚Äôd be in a wheelchair and on disability if not for it. It‚Äôs time for Enbrel to go generic!,870429358220910593
1091181764679270400,2019-02-01,"Thanks @TomBurtonWSJ &amp; colleagues for giving a moment to this concern in tonight's @WSJ piece. 'As the industry has weathered criticism over high drug prices in recent years, companies including Pfizer Inc. and Mylan NV have criticized the rebate system.'",20876806
1091180414520184832,2019-02-01,Terrific article by Emma Court on EpiPen manufacturing issues.        FDA warned of EpiPen complaint problems at Pfizer's Meridian factories - Business Insider https://t.co/08xVy2di4Q,773633048982216705
1091179773802565632,2019-02-01,"@DesignationSix @MrFilmkritik @FoxNews @DisneyD23 @GoRVing @nexteraenergy @Nestle @Starbucks @smiledirectclub @pfizer @KraftHeinzCo @ClearChoice @GSK @BlueEmu1 @novonordisk @LillyPad @NerdWallet @longjohnslvrs Please pull your ads from Alt-Reich Hasse Netzwerk @FoxNews. If you advertise you must approve of their motto, 'Arbeit Macht Frei.‚Äù Do you? Your ads fund #racism, #misogyny, #Islamophobia, #WhiteNationalism, #AntiSemitism &amp; empty-headed bloviation. @slpng_giants https://t.co/28mFxXnYpt",4025531193
1091177964945973248,2019-02-01,"@DesignationSix @UROCKlive1 @FoxNews @rubytuesday @Starbucks @PhRMA @pfizer @Bayer @BayerUS @GSK @novonordisk @Novartis @Celgene @Amgen @SanofiUS @AstraZeneca @Disney @Arbys @IHOP @MyPillowUSA @OmahaSteaksB2B Please pull your ads from Alt-Reich Hasse Netzwerk @FoxNews. If you advertise you must approve of their motto, 'Arbeit Macht Frei.‚Äù Do you? Your ads fund #racism, #misogyny, #Islamophobia, #WhiteNationalism, #AntiSemitism &amp; empty-headed bloviation. @slpng_giants https://t.co/v50tkWn86M",4025531193
1091177860881096705,2019-02-01,"@ChristopherTodd @brianlilley @fordnation @AndreaHorwath Just not a problem. Set up central drug formularies and tell Pfizer, GSK, ...to sell at this price of F O.",2790351250
1091177038139011077,2019-02-01,@pfizer Thanks for making me pay a mortgage payment for one month of Lyrica. You‚Äôve had the market since 2004 and you are robbing the people that need medicine to live and function.  Even the coupon is a waste! #NotAHappyPatient #RobbingThePoor,24557175
1091176062996963328,2019-02-01,Canandaigua National Bank &amp; Trust Company Increases Stake in Merck &amp; Co New ... https://t.co/25cK5DlnEw $MRK #stocks #stockmarket,953125982067679232
1091174757108776963,2019-02-01,"Pfizer, Merck drop after Wall Street downgrades on ‚Äòpatent cliff‚Äô and competition https://t.co/pT8cGgdoVa    ‚úîÔ∏èFirst Published: January 23, 2019@7:34am #Investing",790019230389248000
1091171730217943040,2019-02-01,"De nuevo mis amigos de @pfizer ,  m√°s que un ibupirac dame un @redbull ma√±ana a las 5 Don Propaganda. https://t.co/AkAn5VMqNV",170525351
1091170493200285696,2019-02-01,"@ProudResister @AOC Good luck with that  AOC (&amp; your commentary) show such an infantile grasp of regulatory chain of how pharma brings a drug to market...embarrassing lack of intellect on this  In the meantime, I will be buying the great üá∫üá∏ company, Pfizer (stock up nearly 10% since earning call üòÅ)",1653104065
1091167843830415361,2019-02-01,"@BernieSanders We need to address the special interests directly or create 'We the People LLC', and buy up the stock of say Chase, BCBS and Exxon, and Pfizer. Whaddya think?",2822024699
1091166900049100800,2019-02-01,@DesignationSix @kylegriffin1 @FoxNews @Starbucks @ProcterGamble @WaltDisneyCo @Gillette @GilletteVenus @Clearblue @Crest @FixodentUS @OralB @OlaySkin @OldSpice @Keurig @pfizer @Ford @LincolnMotorCo @AceHardware I am sorry to see some of my favorites in this list. Ace Hardware particularly. Sorry will not get my business any longer,4828830821
1091165385301389312,2019-02-01,@pfizer @SanofiUS @Roche @Novartis @BMS_ImmunOnc_US @bmsnews @GSK_bio @BayerPharma @PhilipsNA @PNCBank @IBM @IBMWatsonHealth @Aetna @CVSHealth @AnthemInc @synaptichealth @Humana @MultiPlan_Inc @quest @UHC @Optum https://t.co/TYZ7HA5glo,884068000558698496
1091165362505187329,2019-02-01,Pfizer upgraded by Argus to buy. $55.00 PT. https://t.co/NsMKT5sweD $PFE #PFE via @RatingsNetwork,842016584386277377
1091165330242658305,2019-02-01,Pfizer upgraded by Credit Suisse Group AG to outperform. https://t.co/ifjKmEfxH9 $PFE #PFE via @RatingsNetwork,842016584386277377
1091162738041253888,2019-02-01,@DesignationSix @UROCKlive1 @FoxNews @rubytuesday @Starbucks @PhRMA @pfizer @Bayer @BayerUS @GSK @novonordisk @Novartis @Celgene @Amgen @SanofiUS @AstraZeneca @Disney @Arbys @IHOP @MyPillowUSA @OmahaSteaksB2B Mynazipillow no thanks. I wonder how many kids in cages will go to @Disney when this terrible crime is halted? @IHOP how can you support this hate with pancake money.,779500099227574272
1091162176319094785,2019-02-01,"@DesignationSix @MrFilmkritik @FoxNews @DisneyD23 @GoRVing @nexteraenergy @Nestle @Starbucks @smiledirectclub @pfizer @KraftHeinzCo @ClearChoice @GSK @BlueEmu1 @novonordisk @LillyPad @NerdWallet @longjohnslvrs It isn't like there aren't other choices we can make, in order to avoid those. They do have competition. And I'm continuing to boycott those I used before. And some of the brands were my favorites. Thanks for keeping the list updated.",983226851559706624
1091161957573554176,2019-02-01,@DesignationSix @UROCKlive1 @FoxNews @rubytuesday @Starbucks @PhRMA @pfizer @Bayer @BayerUS @GSK @novonordisk @Novartis @Celgene @Amgen @SanofiUS @AstraZeneca @Disney @Arbys @IHOP @MyPillowUSA @OmahaSteaksB2B I'm fine boycotting all those anti-American SOB's.,2379948199
1091160840668094470,2019-02-01,Pfizer reconoce la labor de periodistas mexicanos¬† https://t.co/YzPdTn99BR,76019802
1091160712519372800,2019-02-01,"@waltshaub @repgregwalden , I fully endorse this idea.    Gonna put quite a cramp in your 'opioid war' when you have a huge effing @pfizer logo plastered across your chest.    https://t.co/HIX4DwwwYa",835158325549535233
1091159832722325511,2019-02-01,@ChuckGrassley My husband died from the side effects of a Pfizer/Teva drug named Amiodarone. He was given the drug for a condition he didn‚Äôt have. He was tortured for a year in hospital before he died. We never got the medication guide. The 5th Circuit just let Pfizer off the hook. Fix it.,3184370486
1091158716819431426,2019-02-01,@DesignationSix @UROCKlive1 @FoxNews @rubytuesday @Starbucks @PhRMA @pfizer @Bayer @BayerUS @GSK @novonordisk @Novartis @Celgene @Amgen @SanofiUS @AstraZeneca @Disney @Arbys @IHOP @MyPillowUSA @OmahaSteaksB2B Omaha Steaks.... shame,1012361426751639552
1091158345086455808,2019-02-01,@DesignationSix @kylegriffin1 @FoxNews @Starbucks @ProcterGamble @WaltDisneyCo @Gillette @GilletteVenus @Clearblue @Crest @FixodentUS @OralB @OlaySkin @OldSpice @Keurig @pfizer @Ford @LincolnMotorCo @AceHardware Resistards give it up you thin skinned idiots,1073039588984147968
1091158078043578369,2019-02-01,@DesignationSix @UROCKlive1 @FoxNews @rubytuesday @Starbucks @PhRMA @pfizer @Bayer @BayerUS @GSK @novonordisk @Novartis @Celgene @Amgen @SanofiUS @AstraZeneca @Disney @Arbys @IHOP @MyPillowUSA @OmahaSteaksB2B We need to rebuce #FauxNews too  https://t.co/FrgMdFeHuz,753781128616669184
1091157800200425472,2019-02-01,"@CeciliaAltamir9 @agencialavieja Eliquis, tolerancia al 100%  cada organismo responde distinto, el que usted menciona lo destruia, el de laboratorio Pfizer de 10, valor 3300 pesos y PAMI no lo cubre.",471175733
1091157374272978944,2019-02-01,@DesignationSix @MrFilmkritik @FoxNews @DisneyD23 @GoRVing @nexteraenergy @Nestle @Starbucks @smiledirectclub @pfizer @KraftHeinzCo @ClearChoice @GSK @BlueEmu1 @novonordisk @LillyPad @NerdWallet @longjohnslvrs Double reason to boycott @Starbucks now.,3376557094
1091157324427862016,2019-02-01,@UROCKlive1 Here are some @FoxNews sponsors. They are tagged so they will be notified for each Like Retweet or comment @rubytuesday @Starbucks @PhRMA @pfizer @Bayer @BayerUS @GSK @novonordisk @Novartis @Celgene @Amgen @sanofius @AstraZeneca @Disney @Arbys @IHOP @MyPillowUSA @OmahaSteaksB2B,969138694308421632
1091156475228110848,2019-02-01,@DesignationSix @MrFilmkritik @FoxNews @DisneyD23 @GoRVing @nexteraenergy @Nestle @Starbucks @smiledirectclub @pfizer @KraftHeinzCo @ClearChoice @GSK @BlueEmu1 @novonordisk @LillyPad @NerdWallet @longjohnslvrs ESTABLISHMENTS NO LONGER GETTING MY BUSINESS!,1069942001833918464
1091155599906217986,2019-02-01,Dear idiotic @AOC and @keithellison a great example of capitalism.  Socialism would end RX development. @cvspharmacy @pfizer @BSCCardiology https://t.co/QBOOYA4y0N,2871637006
1091155062062305281,2019-02-01,"Pipeline Updates: Pfizer, Amgen, and Allergan https://t.co/gnp2TMVsMy | by @goodwinlaw",21947050
1091154873448574976,2019-02-01,@MrFilmkritik Here are some @FoxNews sponsors. They are tagged so they will be notified for each LIKE RETWEET or COMMENT @DisneyD23 @GoRVing @nexteraenergy @Nestle @Starbucks @smiledirectclub @pfizer @KraftHeinzCo @clearchoice @GSK @blueemu1 @novonordisk @LillyPad @NerdWallet @longjohnslvrs,969138694308421632
1091148961400860672,2019-02-01,@pfizer I keep seeing your ad for Ibrance. I am a two time cancer survivor.  I get that 'a lot has changed' but what do you mean 'a lot hasn't '. Really ? What is it that hasn't changed?I would love to know. Do you really think women and their families are that stupid? #insulting,4821557832
1091148400991424514,2019-02-01,Best revenue in history https://t.co/r01UmIp4bI,32097508
1091148055464865793,2019-02-01,"Esse √© o rem√©dio que eu tomo desde 2017 e melhorou muito minha qualidade de vida! O plano de sa√∫de Cassi n√£o liberou, ent√£o a Pfizer estava me cedendo at√© agora. Porque agora... https://t.co/wOQtHHzZaI",41940150
1091146476976254976,2019-02-01,"@JordanUhl @samswey @AOC The major research centers st universities also incubate a crap load of new drugs and then get some money, usually nothing close to the eventual profits. Look up things like ‚ÄúPfizer licenses xyz from Stanford‚Äù or whatever. Same thing only not as egregious.",462499829
1091144039909322752,2019-02-01,"@realDonaldTrump Harley Davidson, GM, Walmart, AT&amp;T, Carrier, Pfizer, all have had major layoffs under Trump as Acting President. Now FoxConn!!! Trump #ImpeachTrumpPence",394364979
1091143430464520192,2019-02-01,"Pipeline Updates: Pfizer, Amgen, and Allergan https://t.co/iQ4fV5oq4l | by @goodwinlaw",16657603
1091141038356467712,2019-02-01,FDA warned of EpiPen complaint problems at Pfizer's Meridian factories - Business Insider https://t.co/khiZijTyun via @GoogleNews,742484898896740352
1091140044109348866,2019-02-01,"#PFIZER: Pfizer Limited has fallen to a 2 star rating. Here is a list of its peers that are 4+ star stocks: ARBN.NS, PIRA.NS, NATP.NS, JULS.NS, IPCA.NS. (https://t.co/LNZh9v9lBH)",785796288176541696
1091140041492086784,2019-02-01,"#PFIZER: Pfizer Limited has lost a star, now a 2 star stock. (https://t.co/LNZh9v9lBH)",785796288176541696
1091136389419331584,2019-02-01,I suffer with Afib abnormalities. https://t.co/n121DnS6Au,952570574
1091135069966815232,2019-02-01,Investors Sell Pfizer (PFE) on Strength (PFE)  https://t.co/mw0Q38d9RR #investingnews,2525892205
1091132131034619904,2019-02-01,–ê–∫—Ü–∏–∏ Pfizer Inc. –†–µ–∫–æ–º–µ–Ω–¥–∞—Ü–∏—è - –î–ï–†–ñ–ê–¢–¨ https://t.co/x3PUSsfs7h,75016059
1091131849794048001,2019-02-01,@DonnaMcE1 @AOC Great question. I know Pfizer has an astronomical R&amp;D budget.,6170452
1091131604787965952,2019-02-01,"Explore the new reality driving finance transformation that allows professionals to determine how they work and deliver business value. Plus, learn how customers like BASF, Pfizer and more are using #finance and #risksolutions from @SAP. https://t.co/XAAZE77Dap",37031441
1091131022073155585,2019-02-01,@DesignationSix @kylegriffin1 @FoxNews @Starbucks @ProcterGamble @WaltDisneyCo @Gillette @GilletteVenus @Clearblue @Crest @FixodentUS @OralB @OlaySkin @OldSpice @Keurig @pfizer @Ford @LincolnMotorCo @AceHardware Crest and Oral-B? Damn it!!,521394504
1091129759424303104,2019-02-01,@waconia3 @deaconcruise @Regan0002112 @DaniScotchIrish @FactCheckU @solomongrundy6 @delaphenaj @just_old_joe @WeStandWithEvan @MrsPerrin @robertbland14 @UnimpressedTX @desertdave2012 @WalterLapp @suziferg0806 @BillWaters7 @BBackerman1 @brendap1949 @Yakekoge @DaddyJim52 @eblase15 @lisalbarjas1 @Las4Liberty @kmclea8 @Bruchell1 @LeslieArnoldH2O @sable227 @sweetlyfeirce @nocovfefehere @JeffHarperArt @RichardJSunkle @HockeyFanGirl12 @steamtug7 @Ihatethisugh1 @D_R_Gringa @MikeRegan2112 @Gatoram15 @ATerecki @Trenaway11 @Darth_Spurious @eye2winner @TxsleuthUSA @MRegan002112 @lefttheparty @ClockworkTrump @KakiMiller1 I went to pick up a trailer of prescription drugs at Pfizer once...I thought security at the Denver mint was tight until I got there!,1086027468442611712
1091129000846606338,2019-02-01,"@TrumpingTrump4 @deaconcruise @Regan0002112 @DaniScotchIrish @FactCheckU @solomongrundy6 @delaphenaj @just_old_joe @WeStandWithEvan @MrsPerrin @robertbland14 @UnimpressedTX @desertdave2012 @WalterLapp @suziferg0806 @BillWaters7 @BBackerman1 @brendap1949 @Yakekoge @DaddyJim52 @eblase15 @lisalbarjas1 @Las4Liberty @kmclea8 @Bruchell1 @LeslieArnoldH2O @sable227 @sweetlyfeirce @nocovfefehere @JeffHarperArt @RichardJSunkle @HockeyFanGirl12 @steamtug7 @Ihatethisugh1 @D_R_Gringa @MikeRegan2112 @Gatoram15 @ATerecki @Trenaway11 @Darth_Spurious @eye2winner @TxsleuthUSA @MRegan002112 @lefttheparty @ClockworkTrump @KakiMiller1 I worked for Pfizer for years. The only country that pays similar prices for drugs to the US is Japan. Other countries have government enforced price caps. So, we carry the costs for R&amp;D, regulatory expenses, failures and all the costs involved in bringing a drug to market here.",3318111751
1091127912277905410,2019-02-01,"This #thankfulthursday Team 2168 would like to thank @pfizer! Pfizer has given the team tremendous financial support, and touched all assets of our operation. They are certainly instrumental to our growth and success, and we are truly and wholeheartedly thankful for them! https://t.co/UtgbNapufH",426997299
1091126262683353088,2019-02-01,@suatencion soy Cesar TOCO Mandale saludos y preguntale si se acuerda de los amigotes de pfizer,432720371
1091125625446899714,2019-02-01,@alroker Just heard  #MattBevin is the new spokesman for @pfizer #viagra as he doesn't like anyone that's #soft . @WKYT @KYEducators @TheJimCornette @TODAYshow @HillJackRussell @WKQQLexington  @legendoflarryd @realDonaldTrump @buzzbaker #bbn #Alroker #120Strong @LEX18News,2813621738
1091124717128306688,2019-02-01,@DesignationSix @kylegriffin1 @FoxNews @Starbucks @ProcterGamble @WaltDisneyCo @Gillette @GilletteVenus @Clearblue @Crest @FixodentUS @OralB @OlaySkin @OldSpice @Keurig @pfizer @Ford @LincolnMotorCo @AceHardware Thanks...,4028989152
1091124289372389376,2019-02-01,"@JuddLegum It‚Äôs #Kelo, part deux. And you know what that part of New London, #Connecticut looks like, where greedy Pfizer HAD to have people‚Äôs homes and land? Blight. It looks like blight because a neighborhood was destroyed by eminent domain. https://t.co/EPF3rVxGAk",1030581959305703426
